Series Name,Series Code,Country Name,countrycode,1960 [YR1960],1961 [YR1961],1962 [YR1962],1963 [YR1963],1964 [YR1964],1965 [YR1965],1966 [YR1966],1967 [YR1967],1968 [YR1968],1969 [YR1969],1970 [YR1970],1971 [YR1971],1972 [YR1972],1973 [YR1973],1974 [YR1974],1975 [YR1975],1976 [YR1976],1977 [YR1977],1978 [YR1978],1979 [YR1979],1980 [YR1980],1981 [YR1981],1982 [YR1982],1983 [YR1983],1984 [YR1984],1985 [YR1985],1986 [YR1986],1987 [YR1987],1988 [YR1988],1989 [YR1989],1990 [YR1990],1991 [YR1991],1992 [YR1992],1993 [YR1993],1994 [YR1994],1995 [YR1995],1996 [YR1996],1997 [YR1997],1998 [YR1998],1999 [YR1999],2000 [YR2000],2001 [YR2001],2002 [YR2002],2003 [YR2003],2004 [YR2004],2005 [YR2005],2006 [YR2006],2007 [YR2007],2008 [YR2008],2009 [YR2009],2010 [YR2010],2011 [YR2011],2012 [YR2012],2013 [YR2013],2014 [YR2014],2015 [YR2015],2016 [YR2016],2017 [YR2017],2018 [YR2018],2019 [YR2019],2020 [YR2020],2021 [YR2021],2022 [YR2022],2023 [YR2023]
Researchers in R&D (per million people),SP.POP.SCIE.RD.P6,Afghanistan,AFG,..,..,..,..,..,..,..,..,..,..,..,..,..,..,..,..,..,..,..,..,..,..,..,..,..,..,..,..,..,..,..,..,..,..,..,..,..,..,..,..,..,..,..,..,..,..,..,..,..,..,..,..,..,..,..,..,..,..,..,..,..,..,..,..
Researchers in R&D (per million people),SP.POP.SCIE.RD.P6,Albania,ALB,..,..,..,..,..,..,..,..,..,..,..,..,..,..,..,..,..,..,..,..,..,..,..,..,..,..,..,..,..,..,..,..,..,..,..,..,..,..,..,..,..,..,..,..,..,..,..,..,157.6003265,..,..,..,..,..,..,..,..,..,..,..,..,..,..,..
Researchers in R&D (per million people),SP.POP.SCIE.RD.P6,Algeria,DZA,..,..,..,..,..,..,..,..,..,..,..,..,..,..,..,..,..,..,..,..,..,..,..,..,..,..,..,..,..,..,..,..,..,..,..,..,..,..,..,..,..,..,..,..,..,170.807663,..,..,..,..,..,..,..,..,..,..,..,832.4227905,..,..,..,..,..,..
Researchers in R&D (per million people),SP.POP.SCIE.RD.P6,American Samoa,ASM,..,..,..,..,..,..,..,..,..,..,..,..,..,..,..,..,..,..,..,..,..,..,..,..,..,..,..,..,..,..,..,..,..,..,..,..,..,..,..,..,..,..,85.80008698,413.2302551,155.703949,104.4404602,..,..,..,..,..,..,..,..,..,..,..,..,..,..,..,..,..,..
Researchers in R&D (per million people),SP.POP.SCIE.RD.P6,Andorra,AND,..,..,..,..,..,..,..,..,..,..,..,..,..,..,..,..,..,..,..,..,..,..,..,..,..,..,..,..,..,..,..,..,..,..,..,..,..,..,..,..,..,..,..,..,..,..,..,..,..,..,..,..,..,..,..,..,..,..,..,..,..,..,..,..
Researchers in R&D (per million people),SP.POP.SCIE.RD.P6,Angola,AGO,..,..,..,..,..,..,..,..,..,..,..,..,..,..,..,..,..,..,..,..,..,..,..,..,..,..,..,..,..,..,..,..,..,..,..,..,..,..,..,..,..,..,..,..,..,..,..,..,..,..,..,48.31264877,..,..,..,..,18.95490074,..,..,..,..,..,..,..
Researchers in R&D (per million people),SP.POP.SCIE.RD.P6,Antigua and Barbuda,ATG,..,..,..,..,..,..,..,..,..,..,..,..,..,..,..,..,..,..,..,..,..,..,..,..,..,..,..,..,..,..,..,..,..,..,..,..,..,..,..,..,..,..,..,..,..,..,..,..,..,..,..,..,..,..,..,..,..,..,..,..,..,..,..,..
Researchers in R&D (per million people),SP.POP.SCIE.RD.P6,Argentina,ARG,..,..,..,..,..,..,..,..,..,..,..,..,..,..,..,..,..,..,..,..,..,..,..,..,..,..,..,..,..,..,..,..,..,..,..,..,..,696.5925903,705.6065063,713.5710449,716.6883545,688.2427368,692.1608276,718.5463257,766.083252,819.9057007,892.2133789,974.8092651,1036.219116,1035.801636,1123.914795,1181.045532,1203.982056,1198.983643,1207.839722,1231.486572,1260.70105,1212.457275,1227.404175,1231.51709,1256.267212,1283.798706,..,..
Researchers in R&D (per million people),SP.POP.SCIE.RD.P6,Armenia,ARM,..,..,..,..,..,..,..,..,..,..,..,..,..,..,..,..,..,..,..,..,..,..,..,..,..,..,..,..,..,..,..,..,..,..,..,..,..,..,..,..,..,..,..,..,..,..,..,..,..,..,..,..,..,..,..,..,..,..,..,..,..,..,1219.933228,..
Researchers in R&D (per million people),SP.POP.SCIE.RD.P6,Aruba,ABW,..,..,..,..,..,..,..,..,..,..,..,..,..,..,..,..,..,..,..,..,..,..,..,..,..,..,..,..,..,..,..,..,..,..,..,..,..,..,..,..,..,..,..,..,..,..,..,..,..,..,..,..,..,..,..,..,..,..,..,..,..,..,..,..
Researchers in R&D (per million people),SP.POP.SCIE.RD.P6,Australia,AUS,..,..,..,..,..,..,..,..,..,..,..,..,..,..,..,..,..,..,..,..,..,..,..,..,..,..,..,..,..,..,..,..,..,..,..,..,3370.917725,..,3397.187988,..,3491.525635,..,3778.880371,..,4098.514648,..,4294.911133,..,4405.359863,..,4594.137207,..,..,..,..,..,..,..,..,..,..,..,..,..
Researchers in R&D (per million people),SP.POP.SCIE.RD.P6,Austria,AUT,..,..,..,..,..,..,..,..,..,..,..,..,..,..,..,..,..,..,..,..,..,..,..,..,..,..,..,..,..,..,..,..,..,..,..,..,..,..,2348.106201,..,..,..,2993.216309,..,3187.888672,3471.640869,3537.756592,3824.59668,4153.938965,4158.864746,4380.434082,4431.666992,4721.936035,4783.213867,5010.507324,5074.430176,5401.303711,5416.893555,5683.242676,5959.549805,5829.837402,6341.73877,..,..
Researchers in R&D (per million people),SP.POP.SCIE.RD.P6,Azerbaijan,AZE,..,..,..,..,..,..,..,..,..,..,..,..,..,..,..,..,..,..,..,..,..,..,..,..,..,..,..,..,..,..,..,..,..,..,..,..,..,..,..,..,..,..,..,..,..,..,..,..,..,..,..,..,..,..,..,..,..,..,..,1694.469971,1712.16748,1728.763916,1690.673706,..
Researchers in R&D (per million people),SP.POP.SCIE.RD.P6,"Bahamas, The",BHS,..,..,..,..,..,..,..,..,..,..,..,..,..,..,..,..,..,..,..,..,..,..,..,..,..,..,..,..,..,..,..,..,..,..,..,..,..,..,..,..,..,..,..,..,..,..,..,..,..,..,..,..,..,..,..,..,..,..,..,..,..,..,..,..
Researchers in R&D (per million people),SP.POP.SCIE.RD.P6,Bahrain,BHR,..,..,..,..,..,..,..,..,..,..,..,..,..,..,..,..,..,..,..,..,..,..,..,..,..,..,..,..,..,..,..,..,..,..,..,..,..,..,..,..,..,..,..,..,..,..,..,..,..,..,..,..,..,..,383.9641724,..,..,..,..,..,..,..,..,..
Researchers in R&D (per million people),SP.POP.SCIE.RD.P6,Bangladesh,BGD,..,..,..,..,..,..,..,..,..,..,..,..,..,..,..,..,..,..,..,..,..,..,..,..,..,..,..,..,..,..,..,..,..,..,..,..,..,..,..,..,..,..,..,..,..,..,..,..,..,..,..,..,..,..,..,..,..,..,..,..,..,..,..,..
Researchers in R&D (per million people),SP.POP.SCIE.RD.P6,Barbados,BRB,..,..,..,..,..,..,..,..,..,..,..,..,..,..,..,..,..,..,..,..,..,..,..,..,..,..,..,..,..,..,..,..,..,..,..,..,..,..,..,..,..,..,..,..,..,..,..,..,..,..,..,..,..,..,..,..,..,..,..,..,..,..,..,..
Researchers in R&D (per million people),SP.POP.SCIE.RD.P6,Belarus,BLR,..,..,..,..,..,..,..,..,..,..,..,..,..,..,..,..,..,..,..,..,..,..,..,..,..,..,..,..,..,..,..,..,..,..,..,..,..,..,..,..,..,..,..,..,..,..,..,..,..,..,..,..,..,..,..,..,..,..,..,..,1433.592529,1393.5448,1381.7948,..
Researchers in R&D (per million people),SP.POP.SCIE.RD.P6,Belgium,BEL,..,..,..,..,..,..,..,..,..,..,..,..,..,..,..,..,..,..,..,..,..,..,..,..,..,..,..,..,..,..,..,..,..,..,..,..,2486.066406,2590.484619,2712.672363,2913.273193,2981.54541,3134.079346,2968.057373,2978.980713,3107.450439,3161.084229,3306.5896,3420.575684,3440.159912,3551.333252,3767.168701,3910.077881,4147.208496,4188.337402,4562.405762,4741.860352,4811.194824,4757.925293,5032.367676,5280.421875,5410.832031,6581.89209,..,..
Researchers in R&D (per million people),SP.POP.SCIE.RD.P6,Belize,BLZ,..,..,..,..,..,..,..,..,..,..,..,..,..,..,..,..,..,..,..,..,..,..,..,..,..,..,..,..,..,..,..,..,..,..,..,..,..,..,..,..,..,..,..,..,..,..,..,..,..,..,..,..,..,..,..,..,..,..,..,..,..,..,..,..
Researchers in R&D (per million people),SP.POP.SCIE.RD.P6,Benin,BEN,..,..,..,..,..,..,..,..,..,..,..,..,..,..,..,..,..,..,..,..,..,..,..,..,..,..,..,..,..,..,..,..,..,..,..,..,..,..,..,..,..,..,..,..,..,..,..,..,..,..,..,..,..,..,..,..,..,..,..,..,..,..,..,..
Researchers in R&D (per million people),SP.POP.SCIE.RD.P6,Bermuda,BMU,..,..,..,..,..,..,..,..,..,..,..,..,..,..,..,..,..,..,..,..,..,..,..,..,..,..,..,..,..,..,..,..,..,..,..,..,..,..,..,..,..,..,..,..,..,..,..,..,..,..,..,..,..,..,..,..,..,..,..,..,..,..,..,..
Researchers in R&D (per million people),SP.POP.SCIE.RD.P6,Bhutan,BTN,..,..,..,..,..,..,..,..,..,..,..,..,..,..,..,..,..,..,..,..,..,..,..,..,..,..,..,..,..,..,..,..,..,..,..,..,..,..,..,..,..,..,..,..,..,..,..,..,..,..,..,..,..,..,..,..,..,..,..,..,..,..,..,..
Researchers in R&D (per million people),SP.POP.SCIE.RD.P6,Bolivia,BOL,..,..,..,..,..,..,..,..,..,..,..,..,..,..,..,..,..,..,..,..,..,..,..,..,..,..,..,..,..,..,..,..,..,..,..,..,..,..,71.84871674,71.75180817,70.45604706,121.1161423,117.8763733,..,..,..,..,..,..,142.6909027,162.3723755,..,..,..,..,..,..,49.83285904,..,58.31367874,..,62.37397003,..,..
Researchers in R&D (per million people),SP.POP.SCIE.RD.P6,Bosnia and Herzegovina,BIH,..,..,..,..,..,..,..,..,..,..,..,..,..,..,..,..,..,..,..,..,..,..,..,..,..,..,..,..,..,..,..,..,..,..,..,..,..,..,..,..,..,..,..,55.25296021,57.20621872,61.4794693,164.6345367,184.4603424,..,..,..,..,155.6549225,227.6159668,283.1820374,353.1231689,406.1424561,470.1690063,458.0372925,449.2243652,443.8526001,442.8308411,535.0048828,..
Researchers in R&D (per million people),SP.POP.SCIE.RD.P6,Botswana,BWA,..,..,..,..,..,..,..,..,..,..,..,..,..,..,..,..,..,..,..,..,..,..,..,..,..,..,..,..,..,..,..,..,..,..,..,..,..,..,..,..,..,..,..,..,..,..,..,..,..,..,..,..,163.2163239,173.9493103,..,..,..,..,..,..,..,..,..,..
Researchers in R&D (per million people),SP.POP.SCIE.RD.P6,Brazil,BRA,..,..,..,..,..,..,..,..,..,..,..,..,..,..,..,..,..,..,..,..,..,..,..,..,..,..,..,..,..,..,..,..,..,..,..,..,..,..,..,..,295.3996582,337.6682434,398.7863464,423.7693481,483.9042053,509.9937744,544.2269897,556.0471802,591.6013794,626.4386597,687.1110229,738.6164551,789.2459106,839.2103882,888.4638672,..,..,..,..,..,..,..,..,..
Researchers in R&D (per million people),SP.POP.SCIE.RD.P6,British Virgin Islands,VGB,..,..,..,..,..,..,..,..,..,..,..,..,..,..,..,..,..,..,..,..,..,..,..,..,..,..,..,..,..,..,..,..,..,..,..,..,..,..,..,..,..,..,..,..,..,..,..,..,..,..,..,..,..,..,..,..,..,..,..,..,..,..,..,..
Researchers in R&D (per million people),SP.POP.SCIE.RD.P6,Brunei Darussalam,BRN,..,..,..,..,..,..,..,..,..,..,..,..,..,..,..,..,..,..,..,..,..,..,..,..,..,..,..,..,..,..,..,..,..,..,..,..,..,..,..,..,..,..,287.6811523,279.365448,285.1993103,..,..,..,..,..,..,..,..,..,..,..,..,..,..,..,..,..,513.5635986,..
Researchers in R&D (per million people),SP.POP.SCIE.RD.P6,Bulgaria,BGR,..,..,..,..,..,..,..,..,..,..,..,..,..,..,..,..,..,..,..,..,..,..,..,..,..,..,..,..,..,..,..,..,..,..,..,..,1747.75708,1432.535889,1446.743042,1291.07605,1165.944824,1142.769165,1152.266479,1206.862549,1245.487427,1282.180664,1326.84729,1447.008789,1479.230591,1563.640503,1441.657837,1572.46521,1503.20874,1645.567017,1783.220093,1939.144165,2198.808105,2092.081299,2310.619141,2391.024658,2377.555664,2339.252441,..,..
Researchers in R&D (per million people),SP.POP.SCIE.RD.P6,Burkina Faso,BFA,..,..,..,..,..,..,..,..,..,..,..,..,..,..,..,..,..,..,..,..,..,..,..,..,..,..,..,..,..,..,..,..,..,..,..,..,..,..,..,..,..,..,..,..,..,..,..,..,..,..,46.7533989,..,..,..,..,..,..,..,..,..,..,..,..,..
Researchers in R&D (per million people),SP.POP.SCIE.RD.P6,Burundi,BDI,..,..,..,..,..,..,..,..,..,..,..,..,..,..,..,..,..,..,..,..,..,..,..,..,..,..,..,..,..,..,..,..,..,..,..,..,..,..,..,..,..,..,..,..,..,..,..,..,..,..,..,..,20.12697029,..,..,..,..,..,23.19511986,..,..,..,..,..
Researchers in R&D (per million people),SP.POP.SCIE.RD.P6,Cabo Verde,CPV,..,..,..,..,..,..,..,..,..,..,..,..,..,..,..,..,..,..,..,..,..,..,..,..,..,..,..,..,..,..,..,..,..,..,..,..,..,..,..,..,..,97.35707855,127.7411118,..,..,..,..,..,..,..,..,47.689991,..,..,117.868927,..,..,..,..,..,..,..,..,..
Researchers in R&D (per million people),SP.POP.SCIE.RD.P6,Cambodia,KHM,..,..,..,..,..,..,..,..,..,..,..,..,..,..,..,..,..,..,..,..,..,..,..,..,..,..,..,..,..,..,..,..,..,..,..,..,..,..,..,..,..,..,17.90930939,..,..,..,..,..,..,..,..,..,..,..,..,30.77437019,..,..,..,..,..,..,..,..
Researchers in R&D (per million people),SP.POP.SCIE.RD.P6,Cameroon,CMR,..,..,..,..,..,..,..,..,..,..,..,..,..,..,..,..,..,..,..,..,..,..,..,..,..,..,..,..,..,..,..,..,..,..,..,..,..,..,..,..,..,..,..,..,..,..,..,..,..,..,..,..,..,..,..,..,..,..,..,..,..,..,..,..
Researchers in R&D (per million people),SP.POP.SCIE.RD.P6,Canada,CAN,..,..,..,..,..,..,..,..,..,..,..,..,..,..,..,..,..,..,..,..,..,..,..,..,..,..,..,..,..,..,..,..,..,..,..,..,3073.513916,3132.540039,3171.719727,3258.941895,3534.27417,3713.394043,3720.422119,3915.010498,4104.826172,4263.783691,4345.23291,4628.87207,4758.97998,4496.959473,4696.438965,4835.433594,4683.612793,4678.261719,4595.637695,4582.379395,4428.172852,4467.15625,4758.102539,4894.20752,5076.244141,..,..,..
Researchers in R&D (per million people),SP.POP.SCIE.RD.P6,Cayman Islands,CYM,..,..,..,..,..,..,..,..,..,..,..,..,..,..,..,..,..,..,..,..,..,..,..,..,..,..,..,..,..,..,..,..,..,..,..,..,..,..,..,..,..,..,..,..,..,..,..,..,..,..,..,..,..,..,..,..,..,..,..,..,..,..,..,..
Researchers in R&D (per million people),SP.POP.SCIE.RD.P6,Central African Republic,CAF,..,..,..,..,..,..,..,..,..,..,..,..,..,..,..,..,..,..,..,..,..,..,..,..,..,..,..,..,..,..,..,..,..,..,..,..,..,..,..,..,..,..,..,..,..,..,..,..,..,..,..,..,..,..,..,..,..,..,..,..,..,..,..,..
Researchers in R&D (per million people),SP.POP.SCIE.RD.P6,Chad,TCD,..,..,..,..,..,..,..,..,..,..,..,..,..,..,..,..,..,..,..,..,..,..,..,..,..,..,..,..,..,..,..,..,..,..,..,..,..,..,..,..,..,..,..,..,..,..,..,..,..,..,..,..,..,..,..,..,58.75680161,..,..,..,..,..,..,..
Researchers in R&D (per million people),SP.POP.SCIE.RD.P6,Channel Islands,CHI,..,..,..,..,..,..,..,..,..,..,..,..,..,..,..,..,..,..,..,..,..,..,..,..,..,..,..,..,..,..,..,..,..,..,..,..,..,..,..,..,..,..,..,..,..,..,..,..,..,..,..,..,..,..,..,..,..,..,..,..,..,..,..,..
Researchers in R&D (per million people),SP.POP.SCIE.RD.P6,Chile,CHL,..,..,..,..,..,..,..,..,..,..,..,..,..,..,..,..,..,..,..,..,..,..,..,..,..,..,..,..,..,..,..,..,..,..,..,..,..,..,..,..,..,..,..,..,..,..,..,338.1630249,359.4981995,290.1444397,321.5118103,355.7061462,393.8846741,338.1930847,431.0973511,459.829895,500.2678223,499.7614746,529.0715332,512.4659424,518.666687,..,..,..
Researchers in R&D (per million people),SP.POP.SCIE.RD.P6,China,CHN,..,..,..,..,..,..,..,..,..,..,..,..,..,..,..,..,..,..,..,..,..,..,..,..,..,..,..,..,..,..,..,..,..,..,..,..,447.9281006,477.3809509,390.7709351,424.4533997,551.807251,585.4745483,634.7643433,670.9215088,716.4776001,859.9761353,934.9307251,1080.573608,1201.118774,863.4429932,901.1259766,974.421875,1031.223633,1081.9646,1104.08313,1164.940308,1210.741089,1237.741943,1319.355957,1485.817505,1601.922119,1687.056763,..,..
Researchers in R&D (per million people),SP.POP.SCIE.RD.P6,Colombia,COL,..,..,..,..,..,..,..,..,..,..,..,..,..,..,..,..,..,..,..,..,..,..,..,..,..,..,..,..,..,..,..,..,..,..,..,..,..,..,..,..,..,..,..,..,..,..,..,..,..,..,..,..,..,57.95972061,58.93096161,70.47698212,90.92884827,89.86122894,..,..,..,..,..,..
Researchers in R&D (per million people),SP.POP.SCIE.RD.P6,Comoros,COM,..,..,..,..,..,..,..,..,..,..,..,..,..,..,..,..,..,..,..,..,..,..,..,..,..,..,..,..,..,..,..,..,..,..,..,..,..,..,..,..,..,..,..,..,..,..,..,..,..,..,..,..,..,..,..,..,..,..,..,..,..,..,..,..
Researchers in R&D (per million people),SP.POP.SCIE.RD.P6,"Congo, Dem. Rep.",COD,..,..,..,..,..,..,..,..,..,..,..,..,..,..,..,..,..,..,..,..,..,..,..,..,..,..,..,..,..,..,..,..,..,..,..,..,..,..,..,..,..,..,..,..,..,..,..,..,..,..,..,..,..,..,..,10.41699982,..,..,..,..,..,..,..,..
Researchers in R&D (per million people),SP.POP.SCIE.RD.P6,"Congo, Rep.",COG,..,..,..,..,..,..,..,..,..,..,..,..,..,..,..,..,..,..,..,..,..,..,..,..,..,..,..,..,..,..,..,..,..,..,..,..,51.08538055,49.9381485,41.51501083,37.02410126,33.3003006,..,..,..,..,..,..,..,..,..,..,..,..,..,..,..,..,..,..,..,..,..,128.2496033,..
Researchers in R&D (per million people),SP.POP.SCIE.RD.P6,Costa Rica,CRI,..,..,..,..,..,..,..,..,..,..,..,..,..,..,..,..,..,..,..,..,..,..,..,..,..,..,..,..,..,..,..,..,..,..,..,..,..,..,..,..,..,..,..,131.8527069,108.7402496,122.953949,..,..,260.5717163,338.6350098,380.5500488,404.6309509,335.7613831,353.4483948,565.7263794,493.0191956,523.1185303,378.879425,343.7786255,..,365.6941833,399.3502197,..,..
Researchers in R&D (per million people),SP.POP.SCIE.RD.P6,Cote d'Ivoire,CIV,..,..,..,..,..,..,..,..,..,..,..,..,..,..,..,..,..,..,..,..,..,..,..,..,..,..,..,..,..,..,..,..,..,..,..,..,..,..,..,..,..,..,..,..,..,67.65146637,..,..,..,..,..,..,..,..,..,..,..,..,..,..,..,..,..,..
Researchers in R&D (per million people),SP.POP.SCIE.RD.P6,Croatia,HRV,..,..,..,..,..,..,..,..,..,..,..,..,..,..,..,..,..,..,..,..,..,..,..,..,..,..,..,..,..,..,..,..,..,..,..,..,..,..,1010.534241,1192.039673,1479.435059,1472.747192,1907.401123,1310.697754,1604.273438,1291.002686,1306.271606,1389.215332,1522.314941,1579.496582,1623.343994,1569.97644,1540.136963,1511.091431,1423.554932,1490.767334,1837.366577,1856.81189,1912.068359,2127.934814,2214.775146,2330.90625,..,..
Researchers in R&D (per million people),SP.POP.SCIE.RD.P6,Cuba,CUB,..,..,..,..,..,..,..,..,..,..,..,..,..,..,..,..,..,..,..,..,..,..,..,..,..,..,..,..,..,..,..,..,..,..,..,..,..,..,..,..,..,..,..,..,..,..,..,..,..,..,..,..,..,..,..,..,..,..,..,..,..,..,..,..
Researchers in R&D (per million people),SP.POP.SCIE.RD.P6,Curacao,CUW,..,..,..,..,..,..,..,..,..,..,..,..,..,..,..,..,..,..,..,..,..,..,..,..,..,..,..,..,..,..,..,..,..,..,..,..,..,..,..,..,..,..,..,..,..,..,..,..,..,..,..,..,..,..,..,..,..,..,..,..,..,..,..,..
Researchers in R&D (per million people),SP.POP.SCIE.RD.P6,Cyprus,CYP,..,..,..,..,..,..,..,..,..,..,..,..,..,..,..,..,..,..,..,..,..,..,..,..,..,..,..,..,..,..,..,..,..,..,..,..,..,..,349.5183105,407.1100769,438.8143616,477.3858337,616.5499268,686.5437622,806.4817505,930.3378906,1005.358765,1054.206543,1038.214233,1095.453857,1104.817261,1091.990356,1022.028748,1026.703491,1051.282104,1010.616211,1058.564087,1209.636841,1408.180176,1657.725342,1739.855103,1743.289917,..,..
Researchers in R&D (per million people),SP.POP.SCIE.RD.P6,Czechia,CZE,..,..,..,..,..,..,..,..,..,..,..,..,..,..,..,..,..,..,..,..,..,..,..,..,..,..,..,..,..,..,..,..,..,..,..,..,1258.047119,1222.874634,1223.462158,1319.61084,1352.538574,1465.300293,1463.360229,1543.286133,1589.847046,2353.446533,2552.559082,2701.587646,2875.963379,2765.168945,2798.946045,2925.66748,3161.817871,3258.821289,3428.21167,3619.292725,3547.215332,3721.12207,3911.207031,4033.885986,4194.945313,4568.606934,..,..
Researchers in R&D (per million people),SP.POP.SCIE.RD.P6,Denmark,DNK,..,..,..,..,..,..,..,..,..,..,..,..,..,..,..,..,..,..,..,..,..,..,..,..,..,..,..,..,..,..,..,..,..,..,..,..,3183.477295,3324.983154,..,3567.98877,..,3635.180664,4757.176758,4618.712891,4840.802734,5193.641602,5295.858887,5517.507813,6502.25,6670.913574,6759.59668,7042.344727,7172.050293,7102.160645,7345.600098,7561.016602,7873.96875,7683.441895,7635.777344,7727.239258,7667.303711,7707.725098,..,..
Researchers in R&D (per million people),SP.POP.SCIE.RD.P6,Djibouti,DJI,..,..,..,..,..,..,..,..,..,..,..,..,..,..,..,..,..,..,..,..,..,..,..,..,..,..,..,..,..,..,..,..,..,..,..,..,..,..,..,..,..,..,..,..,..,..,..,..,..,..,..,..,..,..,..,..,..,..,..,..,..,..,..,..
Researchers in R&D (per million people),SP.POP.SCIE.RD.P6,Dominica,DMA,..,..,..,..,..,..,..,..,..,..,..,..,..,..,..,..,..,..,..,..,..,..,..,..,..,..,..,..,..,..,..,..,..,..,..,..,..,..,..,..,..,..,..,..,..,..,..,..,..,..,..,..,..,..,..,..,..,..,..,..,..,..,..,..
Researchers in R&D (per million people),SP.POP.SCIE.RD.P6,Dominican Republic,DOM,..,..,..,..,..,..,..,..,..,..,..,..,..,..,..,..,..,..,..,..,..,..,..,..,..,..,..,..,..,..,..,..,..,..,..,..,..,..,..,..,..,..,..,..,..,..,..,..,..,..,..,..,..,..,..,..,..,..,..,..,..,..,..,..
Researchers in R&D (per million people),SP.POP.SCIE.RD.P6,Ecuador,ECU,..,..,..,..,..,..,..,..,..,..,..,..,..,..,..,..,..,..,..,..,..,..,..,..,..,..,..,..,..,..,..,..,..,..,..,..,84.2435379,78.43868256,83.84472656,..,..,40.36270905,42.44968033,48.92034149,..,..,70.92195129,65.39456177,103.761261,118.9308319,141.9529877,181.0601654,283.2131958,352.9527588,402.2981262,..,..,..,..,..,..,..,..,..
Researchers in R&D (per million people),SP.POP.SCIE.RD.P6,"Egypt, Arab Rep.",EGY,..,..,..,..,..,..,..,..,..,..,..,..,..,..,..,..,..,..,..,..,..,..,..,..,..,..,..,..,..,..,..,..,..,..,..,..,..,..,..,..,..,..,..,..,..,..,..,606.3421021,420.6940308,415.269043,472.0014038,471.4794006,495.2965698,516.5722656,646.059021,643.4765015,659.0647583,647.8569336,657.5917969,791.0111694,804.9107056,821.7045288,841.4022217,..
Researchers in R&D (per million people),SP.POP.SCIE.RD.P6,El Salvador,SLV,..,..,..,..,..,..,..,..,..,..,..,..,..,..,..,..,..,..,..,..,..,..,..,..,..,..,..,..,..,..,..,..,..,..,..,..,..,..,..,..,..,..,..,..,..,..,..,..,..,..,..,..,..,..,..,64.29577637,66.97769165,65.01455688,72.84989929,75.00582886,59.22697067,64.715271,..,..
Researchers in R&D (per million people),SP.POP.SCIE.RD.P6,Equatorial Guinea,GNQ,..,..,..,..,..,..,..,..,..,..,..,..,..,..,..,..,..,..,..,..,..,..,..,..,..,..,..,..,..,..,..,..,..,..,..,..,..,..,..,..,..,..,..,..,..,..,..,..,..,..,..,..,..,..,..,..,..,..,..,..,..,..,..,..
Researchers in R&D (per million people),SP.POP.SCIE.RD.P6,Eritrea,ERI,..,..,..,..,..,..,..,..,..,..,..,..,..,..,..,..,..,..,..,..,..,..,..,..,..,..,..,..,..,..,..,..,..,..,..,..,..,..,..,..,..,..,..,..,..,..,..,..,..,..,..,..,..,..,..,..,..,..,..,..,..,..,..,..
Researchers in R&D (per million people),SP.POP.SCIE.RD.P6,Estonia,EST,..,..,..,..,..,..,..,..,..,..,..,..,..,..,..,..,..,..,..,..,..,..,..,..,..,..,..,..,..,..,..,..,..,..,..,..,..,..,2102.431885,2135.381104,1902.710571,1925.184204,2211.226807,2194.046143,2465.898926,2451.562988,2601.068115,2747.948242,2973.110596,3229.78418,3057.574219,3392.59668,3457.596436,3338.216553,3285.461182,3188.26123,3296.207275,3552.230469,3765.621826,3769.836914,3835.71875,4038.195068,..,..
Researchers in R&D (per million people),SP.POP.SCIE.RD.P6,Eswatini,SWZ,..,..,..,..,..,..,..,..,..,..,..,..,..,..,..,..,..,..,..,..,..,..,..,..,..,..,..,..,..,..,..,..,..,..,..,..,..,..,..,..,..,..,..,..,..,..,..,..,..,..,..,..,..,..,..,139.104187,..,..,..,..,..,..,..,..
Researchers in R&D (per million people),SP.POP.SCIE.RD.P6,Ethiopia,ETH,..,..,..,..,..,..,..,..,..,..,..,..,..,..,..,..,..,..,..,..,..,..,..,..,..,..,..,..,..,..,..,..,..,..,..,..,..,..,..,..,..,..,..,..,..,21.05340004,..,19.98282051,..,..,42.07120895,..,..,44.55065918,..,..,..,90.24062347,..,..,..,..,..,..
Researchers in R&D (per million people),SP.POP.SCIE.RD.P6,Faroe Islands,FRO,..,..,..,..,..,..,..,..,..,..,..,..,..,..,..,..,..,..,..,..,..,..,..,..,..,..,..,..,..,..,..,..,..,..,..,..,..,..,..,..,..,..,..,1826.096191,..,..,..,..,..,..,..,..,..,..,..,..,..,..,..,..,..,..,..,..
Researchers in R&D (per million people),SP.POP.SCIE.RD.P6,Fiji,FJI,..,..,..,..,..,..,..,..,..,..,..,..,..,..,..,..,..,..,..,..,..,..,..,..,..,..,..,..,..,..,..,..,..,..,..,..,..,..,..,..,..,..,..,..,..,..,..,..,..,..,..,..,..,..,..,..,..,..,..,..,..,..,..,..
Researchers in R&D (per million people),SP.POP.SCIE.RD.P6,Finland,FIN,..,..,..,..,..,..,..,..,..,..,..,..,..,..,..,..,..,..,..,..,..,..,..,..,..,..,..,..,..,..,..,..,..,..,..,..,..,..,..,..,..,..,..,..,7855.534668,7558.746094,7689.175293,7390.553223,7712.374023,7669.302246,7741.022461,7442.099609,7492.546875,7223.024902,7022.442871,6856.334961,6543.96582,6731.791992,6872.983887,7246.271973,7548.502441,7870.65332,..,..
Researchers in R&D (per million people),SP.POP.SCIE.RD.P6,France,FRA,..,..,..,..,..,..,..,..,..,..,..,..,..,..,..,..,..,..,..,..,..,..,..,..,..,..,..,..,..,..,..,..,..,..,..,..,2691.761719,2680.565674,2687.209473,2755.977295,2941.62207,3014.686523,3149.328369,3237.337402,3378.329102,3357.633789,3468.929199,3629.138916,3700.389648,3785.363037,3910.74585,3980.538574,4114.024414,4199.837402,4282.457031,4386.236328,4467.428223,4624.696777,4756.583984,4870.456055,4986.180176,5175.005371,..,..
Researchers in R&D (per million people),SP.POP.SCIE.RD.P6,French Polynesia,PYF,..,..,..,..,..,..,..,..,..,..,..,..,..,..,..,..,..,..,..,..,..,..,..,..,..,..,..,..,..,..,..,..,..,..,..,..,..,..,..,..,..,..,..,..,..,..,..,..,..,..,..,..,..,..,..,..,..,..,..,..,..,..,..,..
Researchers in R&D (per million people),SP.POP.SCIE.RD.P6,Gabon,GAB,..,..,..,..,..,..,..,..,..,..,..,..,..,..,..,..,..,..,..,..,..,..,..,..,..,..,..,..,..,..,..,..,..,..,..,..,..,..,..,..,..,..,..,..,..,..,..,..,..,..,..,..,..,..,..,..,..,..,..,..,..,..,..,..
Researchers in R&D (per million people),SP.POP.SCIE.RD.P6,"Gambia, The",GMB,..,..,..,..,..,..,..,..,..,..,..,..,..,..,..,..,..,..,..,..,..,..,..,..,..,..,..,..,..,..,..,..,..,..,..,..,..,..,..,..,..,..,..,..,..,..,..,..,86.48626709,96.81478882,..,29.7884903,..,..,..,..,..,..,49.97694016,..,..,..,..,..
Researchers in R&D (per million people),SP.POP.SCIE.RD.P6,Georgia,GEO,..,..,..,..,..,..,..,..,..,..,..,..,..,..,..,..,..,..,..,..,..,..,..,..,..,..,..,..,..,..,..,..,..,..,..,..,..,..,..,..,..,..,..,..,..,..,..,..,..,..,..,..,..,604.1831055,1131.981323,1366.204346,1391.424561,1389.605591,1553.306152,1799.871826,1812.390137,1717.37085,1823.026489,..
Researchers in R&D (per million people),SP.POP.SCIE.RD.P6,Germany,DEU,..,..,..,..,..,..,..,..,..,..,..,..,..,..,..,..,..,..,..,..,..,..,..,..,..,..,..,..,..,..,..,..,..,..,..,..,2833.932861,2897.583496,2916.839355,3123.037598,3161.708496,3242.32666,3262.001953,3303.977295,3323.916992,3349.959229,3446.7146,3583.235352,3727.236084,3905.903564,4035.213623,4162.499023,4325.220703,4343.317383,4304.865234,4733.358398,4862.625,5087.254395,5239.97168,5428.215332,5413.824219,5535.954102,..,..
Researchers in R&D (per million people),SP.POP.SCIE.RD.P6,Ghana,GHA,..,..,..,..,..,..,..,..,..,..,..,..,..,..,..,..,..,..,..,..,..,..,..,..,..,..,..,..,..,..,..,..,..,..,..,..,..,..,..,..,..,..,..,..,..,..,..,16.76407051,..,..,37.2297287,..,..,..,..,86.9799881,..,..,..,..,..,..,..,..
Researchers in R&D (per million people),SP.POP.SCIE.RD.P6,Gibraltar,GIB,..,..,..,..,..,..,..,..,..,..,..,..,..,..,..,..,..,..,..,..,..,..,..,..,..,..,..,..,..,..,..,..,..,..,..,..,..,..,..,..,..,..,..,..,..,..,..,..,..,..,..,..,..,..,..,..,..,..,..,..,..,..,..,..
Researchers in R&D (per million people),SP.POP.SCIE.RD.P6,Greece,GRC,..,..,..,..,..,..,..,..,..,..,..,..,..,..,..,..,..,..,..,..,..,..,..,..,..,..,..,..,..,..,..,..,..,..,..,..,..,1011.423096,..,1344.486328,..,1299.692993,..,1407.418335,..,1762.647461,1791.582153,1893.010864,..,..,..,2238.703369,2257.051025,2671.810059,2743.655029,3202.904053,2728.344238,3264.145996,3441.064941,3684.869141,4073.547363,4326.306641,..,..
Researchers in R&D (per million people),SP.POP.SCIE.RD.P6,Greenland,GRL,..,..,..,..,..,..,..,..,..,..,..,..,..,..,..,..,..,..,..,..,..,..,..,..,..,..,..,..,..,..,..,..,..,..,..,..,..,..,..,..,..,536.5073853,539.9950562,647.8604736,702.3535156,..,..,..,..,..,..,..,..,..,..,..,..,..,..,..,..,..,..,..
Researchers in R&D (per million people),SP.POP.SCIE.RD.P6,Grenada,GRD,..,..,..,..,..,..,..,..,..,..,..,..,..,..,..,..,..,..,..,..,..,..,..,..,..,..,..,..,..,..,..,..,..,..,..,..,..,..,..,..,..,..,..,..,..,..,..,..,..,..,..,..,..,..,..,..,..,..,..,..,..,..,..,..
Researchers in R&D (per million people),SP.POP.SCIE.RD.P6,Guam,GUM,..,..,..,..,..,..,..,..,..,..,..,..,..,..,..,..,..,..,..,..,..,..,..,..,..,..,..,..,..,..,..,..,..,..,..,..,..,..,..,..,..,..,..,276.0278931,305.3565674,292.2107544,..,..,..,..,..,..,..,..,..,..,..,..,..,..,..,..,..,..
Researchers in R&D (per million people),SP.POP.SCIE.RD.P6,Guatemala,GTM,..,..,..,..,..,..,..,..,..,..,..,..,..,..,..,..,..,..,..,..,..,..,..,..,..,..,..,..,..,..,..,..,..,..,..,..,..,..,..,..,..,..,..,..,..,29.8584404,24.48953056,34.4552002,39.01908875,39.2364502,25.20956039,25.19244003,27.43664932,17.73949051,20.74678993,22.70031929,22.67178917,14.47811985,13.27842999,14.95744991,17.29424095,14.51904011,..,..
Researchers in R&D (per million people),SP.POP.SCIE.RD.P6,Guinea,GIN,..,..,..,..,..,..,..,..,..,..,..,..,..,..,..,..,..,..,..,..,..,..,..,..,..,..,..,..,..,..,..,..,..,..,..,..,..,..,..,..,..,..,..,..,..,..,..,..,..,..,..,..,..,..,..,..,..,..,..,..,..,..,..,..
Researchers in R&D (per million people),SP.POP.SCIE.RD.P6,Guinea-Bissau,GNB,..,..,..,..,..,..,..,..,..,..,..,..,..,..,..,..,..,..,..,..,..,..,..,..,..,..,..,..,..,..,..,..,..,..,..,..,..,..,..,..,..,..,..,..,..,..,..,..,..,..,..,..,..,..,..,..,..,..,..,..,..,..,..,..
Researchers in R&D (per million people),SP.POP.SCIE.RD.P6,Guyana,GUY,..,..,..,..,..,..,..,..,..,..,..,..,..,..,..,..,..,..,..,..,..,..,..,..,..,..,..,..,..,..,..,..,..,..,..,..,..,..,..,..,..,..,..,..,..,..,..,..,..,..,..,..,..,..,..,..,..,..,..,..,..,..,..,..
Researchers in R&D (per million people),SP.POP.SCIE.RD.P6,Haiti,HTI,..,..,..,..,..,..,..,..,..,..,..,..,..,..,..,..,..,..,..,..,..,..,..,..,..,..,..,..,..,..,..,..,..,..,..,..,..,..,..,..,..,..,..,..,..,..,..,..,..,..,..,..,..,..,..,..,..,..,..,..,..,..,..,..
Researchers in R&D (per million people),SP.POP.SCIE.RD.P6,Honduras,HND,..,..,..,..,..,..,..,..,..,..,..,..,..,..,..,..,..,..,..,..,..,..,..,..,..,..,..,..,..,..,..,..,..,..,..,..,..,..,..,..,..,..,..,..,..,..,..,..,..,..,..,..,..,..,..,22.14678955,..,34.26290131,201.2393188,187.4265594,..,..,..,..
Researchers in R&D (per million people),SP.POP.SCIE.RD.P6,"Hong Kong SAR, China",HKG,..,..,..,..,..,..,..,..,..,..,..,..,..,..,..,..,..,..,..,..,..,..,..,..,..,..,..,..,..,..,..,..,..,..,..,..,..,..,1049.745972,1200.984009,1155.559204,1350.461914,1558.059937,1964.820435,2113.829834,2601.461182,2638.46167,2802.954346,2625.565674,2725.783203,3049.518799,3023.50415,3123.009277,3294.863281,3497.272949,3472.309814,3651.508057,3709.265137,3972.152832,4235.057129,4349.293945,4585.461914,4808.95752,..
Researchers in R&D (per million people),SP.POP.SCIE.RD.P6,Hungary,HUN,..,..,..,..,..,..,..,..,..,..,..,..,..,..,..,..,..,..,..,..,..,..,..,..,..,..,..,..,..,..,..,..,..,..,..,..,1008.625916,1083.170654,1141.714966,1227.574097,1410.489868,1439.164185,1472.169067,1498.292969,1474.972656,1574.512573,1743.77356,1730.195557,1844.703979,2003.166504,2133.98291,2308.216797,2399.571777,2526.4375,2653.438232,2568.347656,2624.605957,2901.015381,3845.491455,4020.577637,4308.954102,4452.151855,..,..
Researchers in R&D (per million people),SP.POP.SCIE.RD.P6,Iceland,ISL,..,..,..,..,..,..,..,..,..,..,..,..,..,..,..,..,..,..,..,..,..,..,..,..,..,..,..,..,..,..,..,..,..,..,..,..,3318.716064,4964.512695,5187.895508,5716.491211,..,6555.77002,..,6639.006836,..,7332.90918,7994.137207,7170.945801,7308.432129,7836.396484,..,7085.084961,..,5737.334473,..,5903.853516,6629.243164,6054.681152,5879.265625,..,..,6940.416992,..,..
Researchers in R&D (per million people),SP.POP.SCIE.RD.P6,India,IND,..,..,..,..,..,..,..,..,..,..,..,..,..,..,..,..,..,..,..,..,..,..,..,..,..,..,..,..,..,..,..,..,..,..,..,..,153.3478851,..,116.1480713,..,110.4140015,..,..,..,..,135.1446838,..,..,..,..,156.4980774,..,..,..,..,215.1877441,..,..,251.0139771,..,260.3832703,..,..,..
Researchers in R&D (per million people),SP.POP.SCIE.RD.P6,Indonesia,IDN,..,..,..,..,..,..,..,..,..,..,..,..,..,..,..,..,..,..,..,..,..,..,..,..,..,..,..,..,..,..,..,..,..,..,..,..,..,..,..,..,211.6454926,198.1533051,..,..,..,..,..,..,..,89.15325165,..,..,..,..,..,..,179.6032257,216.3734741,217.5186768,391.3413696,399.607605,..,..,..
Researchers in R&D (per million people),SP.POP.SCIE.RD.P6,"Iran, Islamic Rep.",IRN,..,..,..,..,..,..,..,..,..,..,..,..,..,..,..,..,..,..,..,..,..,..,..,..,..,..,..,..,..,..,..,..,..,..,..,..,..,..,..,..,..,..,..,..,..,..,714.5546265,..,745.1828003,707.963623,732.4644165,..,685.8759766,667.218811,..,800.8902588,..,1417.975952,..,1597.339355,..,..,..,..
Researchers in R&D (per million people),SP.POP.SCIE.RD.P6,Iraq,IRQ,..,..,..,..,..,..,..,..,..,..,..,..,..,..,..,..,..,..,..,..,..,..,..,..,..,..,..,..,..,..,..,..,..,..,..,..,..,..,..,..,..,..,..,..,..,..,..,367.1947327,388.1809082,404.1470032,417.6207886,426.8856506,..,..,66.08107758,62.82107162,61.9854393,101.6142273,106.5255966,117.285553,135.295929,162.4558868,..,..
Researchers in R&D (per million people),SP.POP.SCIE.RD.P6,Ireland,IRL,..,..,..,..,..,..,..,..,..,..,..,..,..,..,..,..,..,..,..,..,..,..,..,..,..,..,..,..,..,..,..,..,..,..,..,..,1787.103882,1946.346436,2109.488037,2130.131836,2275.830811,2357.499512,2427.716797,2556.762451,2758.734619,2844.867432,2919.307373,2952.165771,3281.339111,3163.481689,3140.217529,3367.047852,4911.543457,5181.936035,5332.266602,5282.949707,5184.715332,5155.370605,4749.617188,4836.074219,4858.607422,5250.682129,..,..
Researchers in R&D (per million people),SP.POP.SCIE.RD.P6,Isle of Man,IMN,..,..,..,..,..,..,..,..,..,..,..,..,..,..,..,..,..,..,..,..,..,..,..,..,..,..,..,..,..,..,..,..,..,..,..,..,..,..,..,..,..,..,..,..,..,..,..,..,..,..,..,..,..,..,..,..,..,..,..,..,..,..,..,..
Researchers in R&D (per million people),SP.POP.SCIE.RD.P6,Israel,ISR,..,..,..,..,..,..,..,..,..,..,..,..,..,..,..,..,..,..,..,..,..,..,..,..,..,..,..,..,..,..,..,..,..,..,..,..,..,..,..,..,..,..,..,..,..,..,..,..,..,..,..,..,..,..,..,..,..,..,..,..,..,..,..,..
Researchers in R&D (per million people),SP.POP.SCIE.RD.P6,Italy,ITA,..,..,..,..,..,..,..,..,..,..,..,..,..,..,..,..,..,..,..,..,..,..,..,..,..,..,..,..,..,..,..,..,..,..,..,..,1343.795166,1154.277344,1147.808472,1143.285645,1160.827881,1170.578857,1249.685913,1229.430298,1249.274902,1420.307373,1516.24231,1588.706421,1622.643066,1713.623291,1732.518311,1770.694458,1841.75354,1927.146606,1958.363159,2087.557617,2222.208496,2336.938965,2541.03833,2688.646729,2632.279785,2677.84082,..,..
Researchers in R&D (per million people),SP.POP.SCIE.RD.P6,Jamaica,JAM,..,..,..,..,..,..,..,..,..,..,..,..,..,..,..,..,..,..,..,..,..,..,..,..,..,..,..,..,..,..,..,..,..,..,..,..,..,..,..,..,..,..,..,..,..,..,..,..,..,..,..,..,..,..,..,..,..,..,..,..,..,..,..,..
Researchers in R&D (per million people),SP.POP.SCIE.RD.P6,Japan,JPN,..,..,..,..,..,..,..,..,..,..,..,..,..,..,..,..,..,..,..,..,..,..,..,..,..,..,..,..,..,..,..,..,..,..,..,..,4916.575684,4968.385254,5174.262207,5211.033203,5112.479492,5144.21582,4898.509277,5120.040527,5123.814941,5327.723633,5357.182617,5347.839844,5128.174805,5117.223145,5119.994141,5126.90332,5052.149414,5169.265137,5352.762207,5198.097656,5235.156738,5331.271484,5361.96582,5409.535645,5495.250977,5638.417969,..,..
Researchers in R&D (per million people),SP.POP.SCIE.RD.P6,Jordan,JOR,..,..,..,..,..,..,..,..,..,..,..,..,..,..,..,..,..,..,..,..,..,..,..,..,..,..,..,..,..,..,..,..,..,..,..,..,..,..,1897.4104,..,..,..,..,..,..,..,..,..,..,..,..,..,..,..,..,255.6143341,575.3208008,577.9223022,..,..,..,..,..,..
Researchers in R&D (per million people),SP.POP.SCIE.RD.P6,Kazakhstan,KAZ,..,..,..,..,..,..,..,..,..,..,..,..,..,..,..,..,..,..,..,..,..,..,..,..,..,..,..,..,..,..,..,..,..,..,..,..,..,..,..,..,..,..,..,..,..,..,..,401.1341248,370.9916992,343.2206726,364.7685852,380.0180054,603.829895,728.8153687,791.0587158,770.8460083,688.8422241,661.7258911,662.9862061,633.6520386,686.1757202,626.4717407,681.5059814,..
Researchers in R&D (per million people),SP.POP.SCIE.RD.P6,Kenya,KEN,..,..,..,..,..,..,..,..,..,..,..,..,..,..,..,..,..,..,..,..,..,..,..,..,..,..,..,..,..,..,..,..,..,..,..,..,..,..,..,..,..,..,..,..,..,..,..,56.17610168,..,..,227.2276917,..,..,..,..,..,..,..,..,..,..,..,169.2714081,..
Researchers in R&D (per million people),SP.POP.SCIE.RD.P6,Kiribati,KIR,..,..,..,..,..,..,..,..,..,..,..,..,..,..,..,..,..,..,..,..,..,..,..,..,..,..,..,..,..,..,..,..,..,..,..,..,..,..,..,..,..,..,..,..,..,..,..,..,..,..,..,..,..,..,..,..,..,..,..,..,..,..,..,..
Researchers in R&D (per million people),SP.POP.SCIE.RD.P6,"Korea, Dem. People's Rep.",PRK,..,..,..,..,..,..,..,..,..,..,..,..,..,..,..,..,..,..,..,..,..,..,..,..,..,..,..,..,..,..,..,..,..,..,..,..,..,..,..,..,..,..,..,..,..,..,..,..,..,..,..,..,..,..,..,..,..,..,..,..,..,..,..,..
Researchers in R&D (per million people),SP.POP.SCIE.RD.P6,"Korea, Rep.",KOR,..,..,..,..,..,..,..,..,..,..,..,..,..,..,..,..,..,..,..,..,..,..,..,..,..,..,..,..,..,..,..,..,..,..,..,..,2185.088135,2240.74707,2006.974243,2160.126221,2323.040039,2905.293213,3006.55835,3188.398682,3279.128174,3760.668457,4169.482422,4610.681152,4888.183105,5033.594727,5424.87207,5903.214844,6388.425293,6453.847168,6864.206055,7018.358887,7056.342773,7450.557617,7913.501465,8322.587891,8614.634766,9081.935547,..,..
Researchers in R&D (per million people),SP.POP.SCIE.RD.P6,Kosovo,XKX,..,..,..,..,..,..,..,..,..,..,..,..,..,..,..,..,..,..,..,..,..,..,..,..,..,..,..,..,..,..,..,..,..,..,..,..,..,..,..,..,..,..,..,..,..,..,..,..,..,..,..,..,..,..,..,..,..,..,..,..,..,..,..,..
Researchers in R&D (per million people),SP.POP.SCIE.RD.P6,Kuwait,KWT,..,..,..,..,..,..,..,..,..,..,..,..,..,..,..,..,..,..,..,..,..,..,..,..,..,..,..,..,..,..,..,..,..,..,..,..,..,192.2183228,184.3027649,176.353775,169.9630127,171.122467,171.3005371,172.5395966,175.2715759,176.2409668,171.0319061,193.851944,156.280899,147.6220245,141.9142456,136.1475372,134.2973785,..,606.7473755,404.7361145,465.2199097,504.9046021,503.7278442,175.5841522,165.8326263,..,181.980835,..
Researchers in R&D (per million people),SP.POP.SCIE.RD.P6,Kyrgyz Republic,KGZ,..,..,..,..,..,..,..,..,..,..,..,..,..,..,..,..,..,..,..,..,..,..,..,..,..,..,..,..,..,..,..,..,..,..,..,..,..,..,..,..,..,..,..,..,..,..,..,..,..,..,..,..,..,..,..,..,..,..,..,..,..,..,..,..
Researchers in R&D (per million people),SP.POP.SCIE.RD.P6,Lao PDR,LAO,..,..,..,..,..,..,..,..,..,..,..,..,..,..,..,..,..,..,..,..,..,..,..,..,..,..,..,..,..,..,..,..,..,..,..,..,..,..,..,..,..,..,15.63722038,..,..,..,..,..,..,..,..,..,..,..,..,..,..,..,..,..,..,..,..,..
Researchers in R&D (per million people),SP.POP.SCIE.RD.P6,Latvia,LVA,..,..,..,..,..,..,..,..,..,..,..,..,..,..,..,..,..,..,..,..,..,..,..,..,..,..,..,..,..,..,..,..,..,..,..,..,1112.572388,1037.018433,1030.663086,1074.579346,1583.259766,1471.736328,1473.279053,1386.643677,1458.668823,1459.9021,1773.947266,1898.512451,2020.812012,1693.379883,1842.775635,1889.54834,1890.475464,1775.061279,1854.720215,1805.337402,1589.814697,1772.613647,1776.503906,1885.903809,2135.017822,2404.523926,..,..
Researchers in R&D (per million people),SP.POP.SCIE.RD.P6,Lebanon,LBN,..,..,..,..,..,..,..,..,..,..,..,..,..,..,..,..,..,..,..,..,..,..,..,..,..,..,..,..,..,..,..,..,..,..,..,..,..,..,..,..,..,..,..,..,..,..,..,..,..,..,..,..,..,..,..,..,..,..,..,..,..,..,..,..
Researchers in R&D (per million people),SP.POP.SCIE.RD.P6,Lesotho,LSO,..,..,..,..,..,..,..,..,..,..,..,..,..,..,..,..,..,..,..,..,..,..,..,..,..,..,..,..,..,..,..,..,..,..,..,..,..,..,..,..,..,..,6.002600193,7.515289783,10.04959965,..,..,..,..,22.8719902,..,5.863210201,..,..,..,23.57218933,..,..,..,..,..,..,..,..
Researchers in R&D (per million people),SP.POP.SCIE.RD.P6,Liberia,LBR,..,..,..,..,..,..,..,..,..,..,..,..,..,..,..,..,..,..,..,..,..,..,..,..,..,..,..,..,..,..,..,..,..,..,..,..,..,..,..,..,..,..,..,..,..,..,..,..,..,..,..,..,..,..,..,..,..,..,..,..,..,..,..,..
Researchers in R&D (per million people),SP.POP.SCIE.RD.P6,Libya,LBY,..,..,..,..,..,..,..,..,..,..,..,..,..,..,..,..,..,..,..,..,..,..,..,..,..,..,..,..,..,..,..,..,..,..,..,..,..,..,..,..,..,..,..,..,..,..,..,..,..,..,..,..,..,..,..,..,..,..,..,..,..,..,..,..
Researchers in R&D (per million people),SP.POP.SCIE.RD.P6,Liechtenstein,LIE,..,..,..,..,..,..,..,..,..,..,..,..,..,..,..,..,..,..,..,..,..,..,..,..,..,..,..,..,..,..,..,..,..,..,..,..,..,..,..,..,..,..,..,..,..,..,..,..,..,..,..,..,..,..,..,..,..,..,..,..,..,..,..,..
Researchers in R&D (per million people),SP.POP.SCIE.RD.P6,Lithuania,LTU,..,..,..,..,..,..,..,..,..,..,..,..,..,..,..,..,..,..,..,..,..,..,..,..,..,..,..,..,..,..,..,..,..,..,..,..,2016.561401,2103.008057,2291.881836,2339.322021,2149.717285,2254.586426,1787.664185,1891.264038,2134.371338,2247.013184,2383.276123,2567.678711,2596.923584,2651.922607,2721.627197,2690.370117,2603.969727,2809.611328,3014.187012,2741.438477,2891.363525,2994.609863,3092.745361,3364.467285,3590.747314,3935.085205,..,..
Researchers in R&D (per million people),SP.POP.SCIE.RD.P6,Luxembourg,LUX,..,..,..,..,..,..,..,..,..,..,..,..,..,..,..,..,..,..,..,..,..,..,..,..,..,..,..,..,..,..,..,..,..,..,..,..,..,..,..,..,3804.61792,..,..,4349.912598,4466.752441,4831.546875,4381.919434,4622.944336,4729.182129,4855.425293,5203.420898,5529.656738,4405.271973,4664.50293,4785.045898,4637.838867,4802.845215,4971.165039,4756.470215,5092.308105,4690.302734,4940.603516,..,..
Researchers in R&D (per million people),SP.POP.SCIE.RD.P6,"Macao SAR, China",MAC,..,..,..,..,..,..,..,..,..,..,..,..,..,..,..,..,..,..,..,..,..,..,..,..,..,..,..,..,..,..,..,..,..,..,..,..,..,..,..,..,..,262.7743225,236.875946,322.1067505,521.1020508,617.1520386,554.5402222,384.8271484,383.4367676,559.5598145,635.8289795,595.7389526,719.4842529,896.7138062,1016.81781,1261.101807,2614.088623,3176.701172,3471.429443,3628.89209,3866.36792,4131.500488,3544.530029,..
Researchers in R&D (per million people),SP.POP.SCIE.RD.P6,Madagascar,MDG,..,..,..,..,..,..,..,..,..,..,..,..,..,..,..,..,..,..,..,..,..,..,..,..,..,..,..,..,..,..,..,..,..,..,..,..,..,..,14.18791962,14.65546989,15.02565956,49.93867874,46.46461105,46.60823059,47.15330887,47.46820831,47.15029907,47.72354889,46.00315094,44.68748856,51.30002975,50.18349838,..,..,..,..,24.43313026,30.30990982,33.72827911,..,..,..,..,..
Researchers in R&D (per million people),SP.POP.SCIE.RD.P6,Malawi,MWI,..,..,..,..,..,..,..,..,..,..,..,..,..,..,..,..,..,..,..,..,..,..,..,..,..,..,..,..,..,..,..,..,..,..,..,..,..,..,..,..,..,..,..,..,..,..,..,30.49596024,..,..,50.4668808,..,..,..,..,..,..,..,..,..,..,..,..,..
Researchers in R&D (per million people),SP.POP.SCIE.RD.P6,Malaysia,MYS,..,..,..,..,..,..,..,..,..,..,..,..,..,..,..,..,..,..,..,..,..,..,..,..,..,..,..,..,..,..,..,..,..,..,..,..,92.79445648,..,158.6552887,..,283.5982056,..,300.2066345,..,506.0544128,..,369.7796631,..,596.8902588,1059.48645,1448.064819,1632.029663,1769.195313,..,2020.077393,2265.200684,2349.772705,..,2139.519775,..,726.4572144,..,..,..
Researchers in R&D (per million people),SP.POP.SCIE.RD.P6,Maldives,MDV,..,..,..,..,..,..,..,..,..,..,..,..,..,..,..,..,..,..,..,..,..,..,..,..,..,..,..,..,..,..,..,..,..,..,..,..,..,..,..,..,..,..,..,..,..,..,..,..,..,..,..,..,..,..,..,..,..,..,..,..,..,..,..,..
Researchers in R&D (per million people),SP.POP.SCIE.RD.P6,Mali,MLI,..,..,..,..,..,..,..,..,..,..,..,..,..,..,..,..,..,..,..,..,..,..,..,..,..,..,..,..,..,..,..,..,..,..,..,..,..,..,..,..,..,..,..,..,..,..,38.28852081,..,..,..,28.96690941,..,..,..,..,30.16921043,..,32.01369858,..,56.61280823,..,29.3164196,..,..
Researchers in R&D (per million people),SP.POP.SCIE.RD.P6,Malta,MLT,..,..,..,..,..,..,..,..,..,..,..,..,..,..,..,..,..,..,..,..,..,..,..,..,..,..,..,..,..,..,..,..,..,..,..,..,..,..,..,..,..,..,674.0230713,680.0541992,1068.658936,1169.407959,1268.235474,1195.370117,1311.279907,1192.577026,1408.447266,1773.070679,1965.276978,1855.052124,1784.262695,1817.202759,1939.755005,1970.449585,1866.125122,1886.777344,1983.928467,2160.726563,..,..
Researchers in R&D (per million people),SP.POP.SCIE.RD.P6,Marshall Islands,MHL,..,..,..,..,..,..,..,..,..,..,..,..,..,..,..,..,..,..,..,..,..,..,..,..,..,..,..,..,..,..,..,..,..,..,..,..,..,..,..,..,..,..,..,..,..,..,..,..,..,..,..,..,..,..,..,..,..,..,..,..,..,..,..,..
Researchers in R&D (per million people),SP.POP.SCIE.RD.P6,Mauritania,MRT,..,..,..,..,..,..,..,..,..,..,..,..,..,..,..,..,..,..,..,..,..,..,..,..,..,..,..,..,..,..,..,..,..,..,..,..,..,..,..,..,..,..,..,..,..,..,..,..,..,..,..,..,..,..,..,..,..,..,..,..,..,..,..,..
Researchers in R&D (per million people),SP.POP.SCIE.RD.P6,Mauritius,MUS,..,..,..,..,..,..,..,..,..,..,..,..,..,..,..,..,..,..,..,..,..,..,..,..,..,..,..,..,..,..,..,..,..,..,..,..,..,..,..,..,..,..,..,..,..,..,..,..,..,..,..,..,177.0051727,..,..,..,..,..,463.6158447,540.2601929,552.9584351,556.9282837,569.0098267,..
Researchers in R&D (per million people),SP.POP.SCIE.RD.P6,Mexico,MEX,..,..,..,..,..,..,..,..,..,..,..,..,..,..,..,..,..,..,..,..,..,..,..,..,..,..,..,..,..,..,..,..,..,..,..,..,219.1355438,231.8130188,221.6710968,228.9616241,228.8886261,237.140625,310.8418884,330.0342712,385.0032959,419.4501038,341.5605469,352.502533,345.2987671,389.3677063,344.5409546,351.4101563,253.0575409,256.7370605,265.2936707,286.9425049,321.8082886,320.1469727,317.4069214,335.1387024,357.9788818,384.0864868,..,..
Researchers in R&D (per million people),SP.POP.SCIE.RD.P6,"Micronesia, Fed. Sts.",FSM,..,..,..,..,..,..,..,..,..,..,..,..,..,..,..,..,..,..,..,..,..,..,..,..,..,..,..,..,..,..,..,..,..,..,..,..,..,..,..,..,..,..,..,..,..,..,..,..,..,..,..,..,..,..,..,..,..,..,..,..,..,..,..,..
Researchers in R&D (per million people),SP.POP.SCIE.RD.P6,Moldova,MDA,..,..,..,..,..,..,..,..,..,..,..,..,..,..,..,..,..,..,..,..,..,..,..,..,..,..,..,..,..,..,..,..,..,..,..,..,..,..,..,..,..,..,..,756.4300537,755.3843994,717.4130859,698.3411255,723.7979126,820.9470215,801.9594727,760.1660767,777.1533203,768.6384277,736.9018555,925.3121338,946.4829712,912.0096436,923.4938354,903.4178467,823.5336304,774.6791992,781.2416992,768.0222168,..
Researchers in R&D (per million people),SP.POP.SCIE.RD.P6,Monaco,MCO,..,..,..,..,..,..,..,..,..,..,..,..,..,..,..,..,..,..,..,..,..,..,..,..,..,..,..,..,..,..,..,..,..,..,..,..,..,..,..,..,..,..,..,..,278.8017578,310.6361694,..,..,..,..,..,..,..,..,..,..,..,..,..,..,..,..,..,..
Researchers in R&D (per million people),SP.POP.SCIE.RD.P6,Mongolia,MNG,..,..,..,..,..,..,..,..,..,..,..,..,..,..,..,..,..,..,..,..,..,..,..,..,..,..,..,..,..,..,..,..,..,..,..,..,..,..,..,..,..,..,..,..,..,..,..,..,..,..,..,..,..,..,..,..,..,..,..,..,332.1911316,680.2706909,533.6403809,..
Researchers in R&D (per million people),SP.POP.SCIE.RD.P6,Montenegro,MNE,..,..,..,..,..,..,..,..,..,..,..,..,..,..,..,..,..,..,..,..,..,..,..,..,..,..,..,..,..,..,..,..,..,..,..,..,..,..,..,..,..,..,..,..,..,..,..,..,..,..,..,643.84552,..,637.6494141,663.7091675,824.9891357,708.5841064,696.8266602,757.9030151,743.380127,..,..,..,..
Researchers in R&D (per million people),SP.POP.SCIE.RD.P6,Morocco,MAR,..,..,..,..,..,..,..,..,..,..,..,..,..,..,..,..,..,..,..,..,..,..,..,..,..,..,..,..,..,..,..,..,..,..,..,..,..,..,..,..,..,..,..,..,..,..,651.9497681,643.3403931,658.6289063,..,721.8771362,848.0292358,853.2293091,..,1029.251587,..,1080.706787,..,..,..,..,..,..,..
Researchers in R&D (per million people),SP.POP.SCIE.RD.P6,Mozambique,MOZ,..,..,..,..,..,..,..,..,..,..,..,..,..,..,..,..,..,..,..,..,..,..,..,..,..,..,..,..,..,..,..,..,..,..,..,..,..,..,..,..,..,..,..,..,..,..,16.46355057,..,20.58581924,12.31575966,40.11925125,..,..,..,..,43.95183945,..,..,..,..,..,..,..,..
Researchers in R&D (per million people),SP.POP.SCIE.RD.P6,Myanmar,MMR,..,..,..,..,..,..,..,..,..,..,..,..,..,..,..,..,..,..,..,..,..,..,..,..,..,..,..,..,..,..,..,..,..,..,..,..,..,7.528880119,7.593959808,11.38731003,..,12.53820992,18.09745979,..,..,..,..,..,..,..,..,..,..,..,..,..,..,29.79051971,33.86079025,30.17835045,32.55807114,18.96735954,..,..
Researchers in R&D (per million people),SP.POP.SCIE.RD.P6,Namibia,NAM,..,..,..,..,..,..,..,..,..,..,..,..,..,..,..,..,..,..,..,..,..,..,..,..,..,..,..,..,..,..,..,..,..,..,..,..,..,..,..,..,..,..,..,..,..,..,..,..,..,..,..,..,..,..,152.8303833,..,..,..,..,..,..,..,..,..
Researchers in R&D (per million people),SP.POP.SCIE.RD.P6,Nauru,NRU,..,..,..,..,..,..,..,..,..,..,..,..,..,..,..,..,..,..,..,..,..,..,..,..,..,..,..,..,..,..,..,..,..,..,..,..,..,..,..,..,..,..,..,..,..,..,..,..,..,..,..,..,..,..,..,..,..,..,..,..,..,..,..,..
Researchers in R&D (per million people),SP.POP.SCIE.RD.P6,Nepal,NPL,..,..,..,..,..,..,..,..,..,..,..,..,..,..,..,..,..,..,..,..,..,..,..,..,..,..,..,..,..,..,..,..,..,..,..,..,..,..,..,..,..,..,59.6387291,..,..,..,..,..,..,..,..,..,..,..,..,..,..,..,..,..,..,..,..,..
Researchers in R&D (per million people),SP.POP.SCIE.RD.P6,Netherlands,NLD,..,..,..,..,..,..,..,..,..,..,..,..,..,..,..,..,..,..,..,..,..,..,..,..,..,..,..,..,..,..,..,..,..,..,..,..,2293.532715,2441.851563,2493.023682,2650.953125,2661.08667,2860.244629,2738.60498,2721.965332,2994.80127,2948.47876,3262.017334,3121.271729,3088.456543,2846.486084,3239.885742,3681.862793,4373.734863,4920.688477,4950.793457,4911.127441,5128.771484,5302.344727,5535.476074,5640.245605,5865.726563,6074.310547,..,..
Researchers in R&D (per million people),SP.POP.SCIE.RD.P6,New Caledonia,NCL,..,..,..,..,..,..,..,..,..,..,..,..,..,..,..,..,..,..,..,..,..,..,..,..,..,..,..,..,..,..,..,..,..,..,..,..,..,..,..,..,..,..,..,..,..,..,..,..,..,..,..,..,..,..,..,..,..,..,..,..,..,..,..,..
Researchers in R&D (per million people),SP.POP.SCIE.RD.P6,New Zealand,NZL,..,..,..,..,..,..,..,..,..,..,..,..,..,..,..,..,..,..,..,..,..,..,..,..,..,..,..,..,..,..,..,..,..,..,..,..,..,2200.722656,..,2293.108398,..,2670.812012,..,3102.239258,..,3161.055908,..,3474.110107,..,3761.678711,..,3732.618164,..,4045.253418,..,5492.041992,..,5098.76416,..,5724.131348,..,5102.27002,..,..
Researchers in R&D (per million people),SP.POP.SCIE.RD.P6,Nicaragua,NIC,..,..,..,..,..,..,..,..,..,..,..,..,..,..,..,..,..,..,..,..,..,..,..,..,..,..,..,..,..,..,..,..,..,..,..,..,..,70.03009796,..,..,..,..,..,..,..,..,..,..,..,..,..,..,..,..,..,..,..,..,..,..,..,..,..,..
Researchers in R&D (per million people),SP.POP.SCIE.RD.P6,Niger,NER,..,..,..,..,..,..,..,..,..,..,..,..,..,..,..,..,..,..,..,..,..,..,..,..,..,..,..,..,..,..,..,..,..,..,..,..,..,..,..,..,..,9.219129562,8.496999741,7.890530109,8.074250221,7.423409939,..,..,..,..,..,..,..,26.75670052,..,..,..,..,..,..,..,..,..,..
Researchers in R&D (per million people),SP.POP.SCIE.RD.P6,Nigeria,NGA,..,..,..,..,..,..,..,..,..,..,..,..,..,..,..,..,..,..,..,..,..,..,..,..,..,..,..,..,..,..,..,..,..,..,..,..,..,..,..,..,..,..,..,..,..,..,..,38.80535889,..,..,..,..,..,..,..,..,..,..,..,22.82526016,..,..,..,..
Researchers in R&D (per million people),SP.POP.SCIE.RD.P6,North Macedonia,MKD,..,..,..,..,..,..,..,..,..,..,..,..,..,..,..,..,..,..,..,..,..,..,..,..,..,..,..,..,..,..,..,..,..,..,..,..,..,612.0501709,684.5458374,672.2662354,652.5489502,606.2467041,564.6658936,540.5985718,515.3776855,535.729248,510.630188,498.4709778,464.355896,427.7135315,526.7890625,440.2443542,604.7833862,667.3635864,827.2382813,847.2424316,842.8520508,719.2335815,788.0372314,775.3953247,775.2371826,743.6866455,642.3748779,..
Researchers in R&D (per million people),SP.POP.SCIE.RD.P6,Northern Mariana Islands,MNP,..,..,..,..,..,..,..,..,..,..,..,..,..,..,..,..,..,..,..,..,..,..,..,..,..,..,..,..,..,..,..,..,..,..,..,..,..,..,..,..,..,..,..,..,..,..,..,..,..,..,..,..,..,..,..,..,..,..,..,..,..,..,..,..
Researchers in R&D (per million people),SP.POP.SCIE.RD.P6,Norway,NOR,..,..,..,..,..,..,..,..,..,..,..,..,..,..,..,..,..,..,..,..,..,..,..,..,..,..,..,..,..,..,..,..,..,..,..,..,..,3981.438965,..,4115.334473,..,4370.864258,..,4513.273438,4513.57959,4602.011719,4865.630371,5201.404785,5398.924805,5473.88623,5444.047852,5533.268066,5583.452637,5604.371094,5722.012207,5929.216797,6120.129883,6395.439941,6483.525879,6736.851563,6765.33252,7227.930664,..,..
Researchers in R&D (per million people),SP.POP.SCIE.RD.P6,Oman,OMN,..,..,..,..,..,..,..,..,..,..,..,..,..,..,..,..,..,..,..,..,..,..,..,..,..,..,..,..,..,..,..,..,..,..,..,..,..,..,..,..,..,..,..,..,..,..,..,..,..,..,..,158.9520264,179.0536346,134.3890686,182.1613159,222.0129242,249.8938446,251.4721069,296.0937195,382.4451904,372.6823425,330.3450317,381.7659607,..
Researchers in R&D (per million people),SP.POP.SCIE.RD.P6,Pakistan,PAK,..,..,..,..,..,..,..,..,..,..,..,..,..,..,..,..,..,..,..,..,..,..,..,..,..,..,..,..,..,..,..,..,..,..,..,..,..,71.63538361,..,..,..,..,..,..,..,73.53751373,..,146.3651733,..,146.8488007,..,133.3658142,..,148.3779449,..,265.2450256,..,324.855835,..,374.4065247,..,415.3024292,..,..
Researchers in R&D (per million people),SP.POP.SCIE.RD.P6,Palau,PLW,..,..,..,..,..,..,..,..,..,..,..,..,..,..,..,..,..,..,..,..,..,..,..,..,..,..,..,..,..,..,..,..,..,..,..,..,..,..,..,..,..,..,..,..,..,..,..,..,..,..,..,..,..,..,..,..,..,..,..,..,..,..,..,..
Researchers in R&D (per million people),SP.POP.SCIE.RD.P6,Panama,PAN,..,..,..,..,..,..,..,..,..,..,..,..,..,..,..,..,..,..,..,..,..,..,..,..,..,..,..,..,..,..,..,..,..,..,..,..,113.9737625,116.7310867,161.392746,98.83434296,96.22265625,91.05335236,96.08982086,96.47354126,86.23661041,105.0532837,106.676033,168.238266,133.6879883,111.7012787,..,119.8091278,38.15631866,39.59674072,92.86830902,90.7546463,96.95523071,105.8815994,107.2383194,110.72686,167.622345,134.6208801,142.0324249,..
Researchers in R&D (per million people),SP.POP.SCIE.RD.P6,Papua New Guinea,PNG,..,..,..,..,..,..,..,..,..,..,..,..,..,..,..,..,..,..,..,..,..,..,..,..,..,..,..,..,..,..,..,..,..,..,..,..,..,..,..,..,..,..,..,..,..,..,..,..,..,..,..,..,..,..,..,..,33.39191818,..,..,..,..,..,..,..
Researchers in R&D (per million people),SP.POP.SCIE.RD.P6,Paraguay,PRY,..,..,..,..,..,..,..,..,..,..,..,..,..,..,..,..,..,..,..,..,..,..,..,..,..,..,..,..,..,..,..,..,..,..,..,..,..,..,..,..,..,92.99633789,86.63513184,86.14736938,91.93385315,76.95622253,..,..,82.95590973,..,..,54.60874939,183.7514343,..,166.0987549,199.2228394,131.9239807,147.0409698,151.8834991,168.9529266,140.8785248,142.3994598,..,..
Researchers in R&D (per million people),SP.POP.SCIE.RD.P6,Peru,PER,..,..,..,..,..,..,..,..,..,..,..,..,..,..,..,..,..,..,..,..,..,..,..,..,..,..,..,..,..,..,..,..,..,..,..,..,..,..,..,..,..,..,..,..,..,..,..,..,..,..,..,..,..,..,..,..,..,..,..,..,..,..,..,..
Researchers in R&D (per million people),SP.POP.SCIE.RD.P6,Philippines,PHL,..,..,..,..,..,..,..,..,..,..,..,..,..,..,..,..,..,..,..,..,..,..,..,..,..,..,..,..,..,..,..,..,..,..,..,..,..,..,..,..,..,..,54.3523407,71.36366272,..,80.70787048,..,78.4107132,..,81.48342133,..,84.17910767,..,186.9106293,..,105.6680527,..,..,172.0078583,..,..,..,..,..
Researchers in R&D (per million people),SP.POP.SCIE.RD.P6,Poland,POL,..,..,..,..,..,..,..,..,..,..,..,..,..,..,..,..,..,..,..,..,..,..,..,..,..,..,..,..,..,..,..,..,..,..,..,..,1366.456665,1447.919556,1463.3396,1470.795654,1439.03833,1452.054199,1467.36438,1516.543335,1578.620605,1610.994385,1544.71106,1593.492554,1604.705444,1585.874878,1672.147705,1660.829468,1734.56897,1850.416748,2037.378784,2141.182373,2288.081787,2973.766113,3056.767822,3136.390381,3238.209229,3534.498535,..,..
Researchers in R&D (per million people),SP.POP.SCIE.RD.P6,Portugal,PRT,..,..,..,..,..,..,..,..,..,..,..,..,..,..,..,..,..,..,..,..,..,..,..,..,..,..,..,..,..,..,..,..,..,..,..,..,1253.517334,1349.786011,1447.389038,1543.545898,1631.098022,1714.349976,1824.574585,1935.653198,1971.938354,2009.381226,2340.405518,2669.416748,3820.711182,3762.946777,3918.487061,4164.080078,4028.401367,3603.154297,3656.645996,3724.797119,3995.625488,4355.747559,4627.172363,4879.318848,5163.353516,5473.447266,5742.972168,..
Researchers in R&D (per million people),SP.POP.SCIE.RD.P6,Puerto Rico,PRI,..,..,..,..,..,..,..,..,..,..,..,..,..,..,..,..,..,..,..,..,..,..,..,..,..,..,..,..,..,..,..,..,..,..,..,..,..,..,..,..,..,..,..,..,..,..,..,..,..,..,..,..,..,263.8060608,..,333.8035278,..,..,..,..,..,..,..,..
Researchers in R&D (per million people),SP.POP.SCIE.RD.P6,Qatar,QAT,..,..,..,..,..,..,..,..,..,..,..,..,..,..,..,..,..,..,..,..,..,..,..,..,..,..,..,..,..,..,..,..,..,..,..,..,..,..,..,..,..,..,..,..,..,..,..,..,..,..,..,..,648.9175415,..,..,647.3112183,..,..,584.5050049,..,..,982.5009155,..,..
Researchers in R&D (per million people),SP.POP.SCIE.RD.P6,Romania,ROU,..,..,..,..,..,..,..,..,..,..,..,..,..,..,..,..,..,..,..,..,..,..,..,..,..,..,..,..,..,..,..,..,..,..,..,..,1347.985229,1271.766479,1237.156128,1062.177979,931.6130981,902.3510132,933.3544312,971.8366089,993.7782593,1083.512939,905.9327393,903.2423096,938.4633789,938.7062378,969.4501953,793.4038696,893.0543213,924.1436768,903.9891357,874.7279053,908.9898071,887.3093872,875.7623901,887.0736084,940.5466309,985.4933472,..,..
Researchers in R&D (per million people),SP.POP.SCIE.RD.P6,Russian Federation,RUS,..,..,..,..,..,..,..,..,..,..,..,..,..,..,..,..,..,..,..,..,..,..,..,..,..,..,..,..,..,..,..,..,..,..,..,..,3787.806152,3595.880615,3332.109863,3368.712646,3441.995605,3450.998291,3371.53125,3355.682129,3302.674072,3224.371826,3235.550781,3276.581299,3153.677246,3090.632324,3086.45459,3124.333984,3089.558105,3064.155518,3086.59082,3109.763184,2959.96582,2825.539551,2787.246338,2749.485352,2724.907227,2675.554688,2697.892578,..
Researchers in R&D (per million people),SP.POP.SCIE.RD.P6,Rwanda,RWA,..,..,..,..,..,..,..,..,..,..,..,..,..,..,..,..,..,..,..,..,..,..,..,..,..,..,..,..,..,..,..,..,..,..,..,..,..,..,..,..,..,..,..,..,..,..,..,..,10.75459957,12.42899036,..,..,..,15.32402039,..,..,13.72770977,..,..,58.50477982,..,..,..,..
Researchers in R&D (per million people),SP.POP.SCIE.RD.P6,Samoa,WSM,..,..,..,..,..,..,..,..,..,..,..,..,..,..,..,..,..,..,..,..,..,..,..,..,..,..,..,..,..,..,..,..,..,..,..,..,..,..,..,..,..,..,..,..,..,..,..,..,..,..,..,..,..,..,..,..,..,..,..,..,..,..,..,..
Researchers in R&D (per million people),SP.POP.SCIE.RD.P6,San Marino,SMR,..,..,..,..,..,..,..,..,..,..,..,..,..,..,..,..,..,..,..,..,..,..,..,..,..,..,..,..,..,..,..,..,..,..,..,..,..,..,..,..,..,..,..,..,..,..,..,..,..,..,..,..,..,..,..,..,..,..,..,..,..,..,..,..
Researchers in R&D (per million people),SP.POP.SCIE.RD.P6,Sao Tome and Principe,STP,..,..,..,..,..,..,..,..,..,..,..,..,..,..,..,..,..,..,..,..,..,..,..,..,..,..,..,..,..,..,..,..,..,..,..,..,..,..,..,..,..,..,..,..,..,..,..,..,..,..,..,..,..,..,..,..,..,..,..,..,..,..,..,..
Researchers in R&D (per million people),SP.POP.SCIE.RD.P6,Saudi Arabia,SAU,..,..,..,..,..,..,..,..,..,..,..,..,..,..,..,..,..,..,..,..,..,..,..,..,..,..,..,..,..,..,..,..,..,..,..,..,..,..,..,..,..,..,..,..,..,..,..,..,..,..,..,..,..,..,..,..,..,..,..,..,435.4405823,692.3395996,834.8057251,..
Researchers in R&D (per million people),SP.POP.SCIE.RD.P6,Senegal,SEN,..,..,..,..,..,..,..,..,..,..,..,..,..,..,..,..,..,..,..,..,..,..,..,..,..,..,..,..,..,..,..,..,..,..,..,..,..,..,..,..,..,..,..,..,..,..,270.8962402,287.1585083,386.3887024,..,378.5561523,..,..,..,..,580.954895,..,..,..,..,..,..,..,..
Researchers in R&D (per million people),SP.POP.SCIE.RD.P6,Serbia,SRB,..,..,..,..,..,..,..,..,..,..,..,..,..,..,..,..,..,..,..,..,..,..,..,..,..,..,..,..,..,..,..,..,..,..,..,..,..,..,..,..,..,..,..,..,..,..,..,1190.391357,1354.720093,1423.862305,1503.412598,1616.192627,1635.371216,1718.617432,1822.700317,2060.147705,2121.892334,2067.732666,2075.986084,2087.276367,2149.853271,2206.708252,2349.676758,..
Researchers in R&D (per million people),SP.POP.SCIE.RD.P6,Seychelles,SYC,..,..,..,..,..,..,..,..,..,..,..,..,..,..,..,..,..,..,..,..,..,..,..,..,..,..,..,..,..,..,..,..,..,..,..,..,..,..,..,..,..,..,..,..,..,152.462265,..,..,..,..,..,..,..,..,..,..,..,..,..,..,..,..,..,..
Researchers in R&D (per million people),SP.POP.SCIE.RD.P6,Sierra Leone,SLE,..,..,..,..,..,..,..,..,..,..,..,..,..,..,..,..,..,..,..,..,..,..,..,..,..,..,..,..,..,..,..,..,..,..,..,..,..,..,..,..,..,..,..,..,..,..,..,..,..,..,..,..,..,..,..,..,..,..,..,..,..,..,..,..
Researchers in R&D (per million people),SP.POP.SCIE.RD.P6,Singapore,SGP,..,..,..,..,..,..,..,..,..,..,..,..,..,..,..,..,..,..,..,..,..,..,..,..,..,..,..,..,..,..,..,..,..,..,..,..,2532.088867,2617.936035,2987.554932,3215.473145,4142.768555,4090.70874,4365.929199,4763.935547,5026.158691,5543.753418,5691.893555,5967.410645,5859.249023,6197.84375,6284.903809,6444.848633,6401.901367,6631.40625,6632.226074,6977.669434,6897.044434,6777.637207,6786.695801,7275.631348,7224.748047,..,..,..
Researchers in R&D (per million people),SP.POP.SCIE.RD.P6,Sint Maarten (Dutch part),SXM,..,..,..,..,..,..,..,..,..,..,..,..,..,..,..,..,..,..,..,..,..,..,..,..,..,..,..,..,..,..,..,..,..,..,..,..,..,..,..,..,..,..,..,..,..,..,..,..,..,..,..,..,..,..,..,..,..,..,..,..,..,..,..,..
Researchers in R&D (per million people),SP.POP.SCIE.RD.P6,Slovak Republic,SVK,..,..,..,..,..,..,..,..,..,..,..,..,..,..,..,..,..,..,..,..,..,..,..,..,..,..,..,..,..,..,..,..,..,..,..,..,1869.606445,1863.493042,1889.499023,1713.005371,1851.669922,1782.54248,1707.851563,1791.185791,1994.343628,2031.451538,2190.163818,2297.280518,2340.075684,2468.307129,2814.968018,2838.522705,2824.749756,2721.017822,2721.460449,2656.802246,2607.201172,2801.073242,3001.404297,3114.862793,3165.594971,3211.043945,..,..
Researchers in R&D (per million people),SP.POP.SCIE.RD.P6,Slovenia,SVN,..,..,..,..,..,..,..,..,..,..,..,..,..,..,..,..,..,..,..,..,..,..,..,..,..,..,..,..,..,..,..,..,..,..,..,..,2254.763672,2020.661743,2154.111816,2227.601807,2184.181396,2267.714355,2342.69458,1900.753052,2022.312622,2625.61377,2915.552002,3096.731445,3467.112061,3650.241455,3755.196045,4252.444336,4296.723633,4204.074707,4134.712402,3805.081543,3892.972168,4440.844727,4788.84668,4980.42041,5124.625977,5223,..,..
Researchers in R&D (per million people),SP.POP.SCIE.RD.P6,Solomon Islands,SLB,..,..,..,..,..,..,..,..,..,..,..,..,..,..,..,..,..,..,..,..,..,..,..,..,..,..,..,..,..,..,..,..,..,..,..,..,..,..,..,..,..,..,..,..,..,..,..,..,..,..,..,..,..,..,..,..,..,..,..,..,..,..,..,..
Researchers in R&D (per million people),SP.POP.SCIE.RD.P6,Somalia,SOM,..,..,..,..,..,..,..,..,..,..,..,..,..,..,..,..,..,..,..,..,..,..,..,..,..,..,..,..,..,..,..,..,..,..,..,..,..,..,..,..,..,..,..,..,..,..,..,..,..,..,..,..,..,..,..,..,..,..,..,..,..,..,..,..
Researchers in R&D (per million people),SP.POP.SCIE.RD.P6,South Africa,ZAF,..,..,..,..,..,..,..,..,..,..,..,..,..,..,..,..,..,..,..,..,..,..,..,..,..,..,..,..,..,..,..,..,..,..,..,..,..,189.671524,..,..,..,301.6181946,..,295.1111755,370.7105713,354.6619873,377.1351013,388.452179,385.7146912,389.0451355,363.7297058,386.0538025,405.1050415,436.3111572,434.5889893,473.7341614,489.2008057,524.1455078,510.9735718,491.4099731,472.6809082,..,..,..
Researchers in R&D (per million people),SP.POP.SCIE.RD.P6,South Sudan,SSD,..,..,..,..,..,..,..,..,..,..,..,..,..,..,..,..,..,..,..,..,..,..,..,..,..,..,..,..,..,..,..,..,..,..,..,..,..,..,..,..,..,..,..,..,..,..,..,..,..,..,..,..,..,..,..,..,..,..,..,..,..,..,..,..
Researchers in R&D (per million people),SP.POP.SCIE.RD.P6,Spain,ESP,..,..,..,..,..,..,..,..,..,..,..,..,..,..,..,..,..,..,..,..,..,..,..,..,..,..,..,..,..,..,..,..,..,..,..,..,1293.839233,1344.180542,1496.475464,1522.048584,1886.849243,1960.377319,2028.020508,2209.655762,2371.398193,2532.155762,2629.393799,2736.796875,2867.10791,2893.220703,2896.490479,2791.313232,2708.848877,2638.027832,2628.943848,2636.847656,2727.428711,2863.750244,3003.562744,3067.661133,3071.448242,3251.74292,..,..
Researchers in R&D (per million people),SP.POP.SCIE.RD.P6,Sri Lanka,LKA,..,..,..,..,..,..,..,..,..,..,..,..,..,..,..,..,..,..,..,..,..,..,..,..,..,..,..,..,..,..,..,..,..,..,..,..,188.8808441,..,..,..,135.4702606,..,..,..,138.0919952,..,92.73039246,..,97.70658112,..,104.0018997,..,..,107.9933167,97.08262634,104.0826187,105.0385895,104.7121811,104.0600433,..,104.5511703,..,..,..
Researchers in R&D (per million people),SP.POP.SCIE.RD.P6,St. Kitts and Nevis,KNA,..,..,..,..,..,..,..,..,..,..,..,..,..,..,..,..,..,..,..,..,..,..,..,..,..,..,..,..,..,..,..,..,..,..,..,..,..,..,..,..,..,..,..,..,..,..,..,..,..,..,..,..,..,..,..,..,..,..,..,..,..,..,..,..
Researchers in R&D (per million people),SP.POP.SCIE.RD.P6,St. Lucia,LCA,..,..,..,..,..,..,..,..,..,..,..,..,..,..,..,..,..,..,..,..,..,..,..,..,..,..,..,..,..,..,..,..,..,..,..,..,..,..,..,..,..,..,..,..,..,..,..,..,..,..,..,..,..,..,..,..,..,..,..,..,..,..,..,..
Researchers in R&D (per million people),SP.POP.SCIE.RD.P6,St. Martin (French part),MAF,..,..,..,..,..,..,..,..,..,..,..,..,..,..,..,..,..,..,..,..,..,..,..,..,..,..,..,..,..,..,..,..,..,..,..,..,..,..,..,..,..,..,..,..,..,..,..,..,..,..,..,..,..,..,..,..,..,..,..,..,..,..,..,..
Researchers in R&D (per million people),SP.POP.SCIE.RD.P6,St. Vincent and the Grenadines,VCT,..,..,..,..,..,..,..,..,..,..,..,..,..,..,..,..,..,..,..,..,..,..,..,..,..,..,..,..,..,..,..,..,..,..,..,..,..,..,..,..,..,..,..,..,..,..,..,..,..,..,..,..,..,..,..,..,..,..,..,..,..,..,..,..
Researchers in R&D (per million people),SP.POP.SCIE.RD.P6,Sudan,SDN,..,..,..,..,..,..,..,..,..,..,..,..,..,..,..,..,..,..,..,..,..,..,..,..,..,..,..,..,..,..,..,..,..,..,..,..,..,..,..,..,..,..,..,..,..,..,..,..,..,..,..,..,..,..,..,..,..,..,..,..,..,..,..,..
Researchers in R&D (per million people),SP.POP.SCIE.RD.P6,Suriname,SUR,..,..,..,..,..,..,..,..,..,..,..,..,..,..,..,..,..,..,..,..,..,..,..,..,..,..,..,..,..,..,..,..,..,..,..,..,..,..,..,..,..,..,..,..,..,..,..,..,..,..,..,..,..,..,..,..,..,..,..,..,..,..,..,..
Researchers in R&D (per million people),SP.POP.SCIE.RD.P6,Sweden,SWE,..,..,..,..,..,..,..,..,..,..,..,..,..,..,..,..,..,..,..,..,..,..,..,..,..,..,..,..,..,..,..,..,..,..,..,..,..,4191.905762,..,4516.457031,..,5177.738281,..,5388.835449,5431.795898,6092.71875,6140.163086,5015.933105,5461.516113,5107.039551,5279.920898,5167.910156,5181.450684,6686.092773,6872.72168,6810.790039,7107.980469,7308.65918,7433.210449,7697.835938,7759.499023,8130.791016,..,..
Researchers in R&D (per million people),SP.POP.SCIE.RD.P6,Switzerland,CHE,..,..,..,..,..,..,..,..,..,..,..,..,..,..,..,..,..,..,..,..,..,..,..,..,..,..,..,..,..,..,..,..,..,..,..,..,3131.032715,..,..,..,3644.658203,..,..,..,3453.093506,..,..,..,3315.063477,..,..,..,4499.331543,..,..,5310.237305,..,5258.542969,..,5562.950684,..,6022.746582,..,..
Researchers in R&D (per million people),SP.POP.SCIE.RD.P6,Syrian Arab Republic,SYR,..,..,..,..,..,..,..,..,..,..,..,..,..,..,..,..,..,..,..,..,..,..,..,..,..,..,..,..,..,..,..,..,..,..,..,..,..,..,..,..,..,..,..,..,..,..,..,..,..,..,..,..,..,..,..,83.98261261,..,..,..,..,..,..,142.0129089,..
Researchers in R&D (per million people),SP.POP.SCIE.RD.P6,Tajikistan,TJK,..,..,..,..,..,..,..,..,..,..,..,..,..,..,..,..,..,..,..,..,..,..,..,..,..,..,..,..,..,..,..,..,..,..,..,..,..,..,..,..,..,..,..,..,..,..,..,..,..,..,..,..,..,..,..,..,..,..,..,..,..,..,..,..
Researchers in R&D (per million people),SP.POP.SCIE.RD.P6,Tanzania,TZA,..,..,..,..,..,..,..,..,..,..,..,..,..,..,..,..,..,..,..,..,..,..,..,..,..,..,..,..,..,..,..,..,..,..,..,..,..,..,..,..,..,..,..,..,..,..,..,..,..,..,35.96654129,..,..,19.15065002,..,..,..,..,..,..,..,..,..,..
Researchers in R&D (per million people),SP.POP.SCIE.RD.P6,Thailand,THA,..,..,..,..,..,..,..,..,..,..,..,..,..,..,..,..,..,..,..,..,..,..,..,..,..,..,..,..,..,..,..,..,..,..,..,..,100.9354019,72.75366974,..,167.7239532,..,279.5056458,..,280.8056641,..,312.7074585,..,321.3363342,..,325.5643616,..,530.8909912,..,776.8425903,945.3253174,847.0855713,1183.1427,1320.630493,1718.456177,1749.919067,2023.830566,1699.059204,..,..
Researchers in R&D (per million people),SP.POP.SCIE.RD.P6,Timor-Leste,TLS,..,..,..,..,..,..,..,..,..,..,..,..,..,..,..,..,..,..,..,..,..,..,..,..,..,..,..,..,..,..,..,..,..,..,..,..,..,..,..,..,..,..,..,..,..,..,..,..,..,..,..,..,..,..,..,..,..,..,..,..,..,..,..,..
Researchers in R&D (per million people),SP.POP.SCIE.RD.P6,Togo,TGO,..,..,..,..,..,..,..,..,..,..,..,..,..,..,..,..,..,..,..,..,..,..,..,..,..,..,..,..,..,..,..,..,..,..,..,..,..,..,..,..,..,..,..,26.54389954,24.94368935,32.99003983,23.50855064,36.22124863,..,..,33.97589874,34.12614822,35.45082092,..,37.7374382,35.85396957,31.93672943,38.46865082,47.68909836,46.49953079,45.29121017,44.86637115,44.3971405,..
Researchers in R&D (per million people),SP.POP.SCIE.RD.P6,Tonga,TON,..,..,..,..,..,..,..,..,..,..,..,..,..,..,..,..,..,..,..,..,..,..,..,..,..,..,..,..,..,..,..,..,..,..,..,..,..,..,..,..,..,..,..,..,..,..,..,..,..,..,..,..,..,..,..,..,..,..,..,..,..,..,..,..
Researchers in R&D (per million people),SP.POP.SCIE.RD.P6,Trinidad and Tobago,TTO,..,..,..,..,..,..,..,..,..,..,..,..,..,..,..,..,..,..,..,..,..,..,..,..,..,..,..,..,..,..,..,..,..,..,..,..,..,..,..,..,..,..,..,..,..,..,..,..,..,..,..,..,..,..,..,..,..,485.8169861,531.2092285,449.5383301,590.527771,525.4881592,..,..
Researchers in R&D (per million people),SP.POP.SCIE.RD.P6,Tunisia,TUN,..,..,..,..,..,..,..,..,..,..,..,..,..,..,..,..,..,..,..,..,..,..,..,..,..,..,..,..,..,..,..,..,..,..,..,..,..,..,..,..,..,..,..,..,..,..,..,1064.448486,1192.810913,1461.99231,1358.859863,1403.897949,1590.34375,1755.951416,1770.690186,1751.004761,1942.668823,1893.238647,1765.244873,1701.581055,1620.485107,1584.242554,1671.988525,..
Researchers in R&D (per million people),SP.POP.SCIE.RD.P6,Turkiye,TUR,..,..,..,..,..,..,..,..,..,..,..,..,..,..,..,..,..,..,..,..,..,..,..,..,..,..,..,..,..,..,..,..,..,..,..,..,302.4706726,311.0039673,306.4370422,319.8822632,362.6835022,351.521698,365.989624,491.7537231,503.2219849,573.4577637,616.8935547,709.0942383,744.9307251,805.0220337,884.9778442,978.5767822,1099.945068,1173.668579,1160.493896,1205.080688,1246.893066,1369.345947,1530.904663,1629.732422,1786.51709,1999.53418,..,..
Researchers in R&D (per million people),SP.POP.SCIE.RD.P6,Turkmenistan,TKM,..,..,..,..,..,..,..,..,..,..,..,..,..,..,..,..,..,..,..,..,..,..,..,..,..,..,..,..,..,..,..,..,..,..,..,..,..,..,..,..,..,..,..,..,..,..,..,..,..,..,..,..,..,..,..,..,..,..,..,..,..,..,..,..
Researchers in R&D (per million people),SP.POP.SCIE.RD.P6,Turks and Caicos Islands,TCA,..,..,..,..,..,..,..,..,..,..,..,..,..,..,..,..,..,..,..,..,..,..,..,..,..,..,..,..,..,..,..,..,..,..,..,..,..,..,..,..,..,..,..,..,..,..,..,..,..,..,..,..,..,..,..,..,..,..,..,..,..,..,..,..
Researchers in R&D (per million people),SP.POP.SCIE.RD.P6,Tuvalu,TUV,..,..,..,..,..,..,..,..,..,..,..,..,..,..,..,..,..,..,..,..,..,..,..,..,..,..,..,..,..,..,..,..,..,..,..,..,..,..,..,..,..,..,..,..,..,..,..,..,..,..,..,..,..,..,..,..,..,..,..,..,..,..,..,..
Researchers in R&D (per million people),SP.POP.SCIE.RD.P6,Uganda,UGA,..,..,..,..,..,..,..,..,..,..,..,..,..,..,..,..,..,..,..,..,..,..,..,..,..,..,..,..,..,..,..,..,..,..,..,..,..,..,..,..,..,..,..,..,..,..,..,..,..,..,39.61943817,..,..,..,28.72612,..,..,..,..,..,..,..,..,..
Researchers in R&D (per million people),SP.POP.SCIE.RD.P6,Ukraine,UKR,..,..,..,..,..,..,..,..,..,..,..,..,..,..,..,..,..,..,..,..,..,..,..,..,..,..,..,..,..,..,..,..,..,..,..,..,..,..,..,..,..,..,..,..,..,..,1471.361084,1453.015625,1427.746704,1346.215942,1328.397705,1258.80835,1231.282837,1159.970337,1020.882324,1005.997192,1037.240845,994.0774536,988.0766602,880.5541382,846.2484741,752.8118286,580.8106689,..
Researchers in R&D (per million people),SP.POP.SCIE.RD.P6,United Arab Emirates,ARE,..,..,..,..,..,..,..,..,..,..,..,..,..,..,..,..,..,..,..,..,..,..,..,..,..,..,..,..,..,..,..,..,..,..,..,..,..,..,..,..,..,..,..,..,..,..,..,..,..,..,..,..,..,..,..,2066.506348,2490.702393,..,2516.425293,2536.50708,2612.332764,2666.015381,..,..
Researchers in R&D (per million people),SP.POP.SCIE.RD.P6,United Kingdom,GBR,..,..,..,..,..,..,..,..,..,..,..,..,..,..,..,..,..,..,..,..,..,..,..,..,..,..,..,..,..,..,..,..,..,..,..,..,2495.525879,2504.174072,2702.421143,2862.75293,2903.805664,3089.000244,3346.289063,3642.296387,3828.469971,4130.602539,4192.762695,4140.141602,4096.671387,4131.858887,4105.416504,3988.477295,4030.672363,4178.501465,4285.535156,4397.222168,4448.352051,4491.316895,..,..,..,..,..,..
Researchers in R&D (per million people),SP.POP.SCIE.RD.P6,United States,USA,..,..,..,..,..,..,..,..,..,..,..,..,..,..,..,..,..,..,..,..,..,..,..,..,..,..,..,..,..,..,..,..,..,..,..,..,3152.479736,3255.298096,3420.782959,3477.542969,3478.960693,3515.907227,3561.702637,3763.719238,3624.344482,3547.883545,3585.583008,3534.151123,3661.425537,3785.63501,3549.275879,3663.786621,3649.938721,3735.776611,3836.598145,3874.786621,3830.462646,3958.563965,4261.989258,4308.874023,4451.78125,..,..,..
Researchers in R&D (per million people),SP.POP.SCIE.RD.P6,Uruguay,URY,..,..,..,..,..,..,..,..,..,..,..,..,..,..,..,..,..,..,..,..,..,..,..,..,..,..,..,..,..,..,..,..,..,..,..,..,..,..,..,221.3709259,280.4269104,..,375.8807983,..,..,..,..,..,428.8423157,560.1755981,631.3674316,622.2791748,640.4732056,644.5490112,657.3435669,680.0185547,731.9572754,749.0794678,779.4396362,795.9642334,813.237915,838.5079346,..,..
Researchers in R&D (per million people),SP.POP.SCIE.RD.P6,Uzbekistan,UZB,..,..,..,..,..,..,..,..,..,..,..,..,..,..,..,..,..,..,..,..,..,..,..,..,..,..,..,..,..,..,..,..,..,..,..,..,..,..,..,..,662.3127441,615.2287598,630.8449097,588.4358521,578.617981,633.3855591,566.9248657,558.8846436,582.8814697,575.4777222,547.3383789,577.6010742,516.0800171,510.5339661,505.0208435,501.232605,509.8943481,499.5923767,480.4322815,421.4649048,426.8207703,525.3320923,547.4914551,..
Researchers in R&D (per million people),SP.POP.SCIE.RD.P6,Vanuatu,VUT,..,..,..,..,..,..,..,..,..,..,..,..,..,..,..,..,..,..,..,..,..,..,..,..,..,..,..,..,..,..,..,..,..,..,..,..,..,..,..,..,..,..,..,..,..,..,..,..,..,..,..,..,..,..,..,..,..,..,..,..,..,..,..,..
Researchers in R&D (per million people),SP.POP.SCIE.RD.P6,"Venezuela, RB",VEN,..,..,..,..,..,..,..,..,..,..,..,..,..,..,..,..,..,..,..,..,..,..,..,..,..,..,..,..,..,..,..,..,..,..,..,..,..,..,49.80414963,56.28466034,61.78340912,71.41692352,70.15270233,95.85487366,105.7121277,122.8011169,147.9082031,164.8492737,189.6926727,185.1540375,203.4537659,232.4648743,296.6051636,365.3208008,272.8855286,246.5866852,292.0226135,..,..,230.6705475,289.1839905,275.8528442,351.9723511,..
Researchers in R&D (per million people),SP.POP.SCIE.RD.P6,Viet Nam,VNM,..,..,..,..,..,..,..,..,..,..,..,..,..,..,..,..,..,..,..,..,..,..,..,..,..,..,..,..,..,..,..,..,..,..,..,..,..,..,..,..,..,..,116.2745895,..,..,..,..,..,..,..,..,..,..,686.8120117,..,685.6634521,..,715.4071045,..,765.5178223,..,779.3084717,..,..
Researchers in R&D (per million people),SP.POP.SCIE.RD.P6,Virgin Islands (U.S.),VIR,..,..,..,..,..,..,..,..,..,..,..,..,..,..,..,..,..,..,..,..,..,..,..,..,..,..,..,..,..,..,..,..,..,..,..,..,..,..,..,..,..,..,..,..,..,..,..,..,..,..,..,..,..,..,..,..,..,..,..,..,..,..,..,..
Researchers in R&D (per million people),SP.POP.SCIE.RD.P6,West Bank and Gaza,PSE,..,..,..,..,..,..,..,..,..,..,..,..,..,..,..,..,..,..,..,..,..,..,..,..,..,..,..,..,..,..,..,..,..,..,..,..,..,..,..,..,..,..,..,..,..,..,..,76.25145721,96.44774628,147.1221313,332.5851135,..,..,588.831665,..,..,..,..,..,..,..,..,..,..
Researchers in R&D (per million people),SP.POP.SCIE.RD.P6,"Yemen, Rep.",YEM,..,..,..,..,..,..,..,..,..,..,..,..,..,..,..,..,..,..,..,..,..,..,..,..,..,..,..,..,..,..,..,..,..,..,..,..,..,..,..,..,..,..,..,..,..,..,..,..,..,..,..,..,..,..,..,..,..,..,..,..,..,..,..,..
Researchers in R&D (per million people),SP.POP.SCIE.RD.P6,Zambia,ZMB,..,..,..,..,..,..,..,..,..,..,..,..,..,..,..,..,..,..,..,..,..,..,..,..,..,..,..,..,..,..,..,..,..,..,..,..,50.6235199,54.91667175,57.06470108,56.46738815,..,..,..,..,..,..,..,..,42.45222855,..,..,..,..,..,..,..,..,..,..,..,..,..,..,..
Researchers in R&D (per million people),SP.POP.SCIE.RD.P6,Zimbabwe,ZWE,..,..,..,..,..,..,..,..,..,..,..,..,..,..,..,..,..,..,..,..,..,..,..,..,..,..,..,..,..,..,..,..,..,..,..,..,..,..,..,..,..,..,..,..,..,..,..,..,..,..,..,..,99.44352722,..,..,..,..,..,..,..,..,..,..,..
Researchers in R&D (per million people),SP.POP.SCIE.RD.P6,Africa Eastern and Southern,AFE,..,..,..,..,..,..,..,..,..,..,..,..,..,..,..,..,..,..,..,..,..,..,..,..,..,..,..,..,..,..,..,..,..,..,..,..,..,..,..,..,..,..,..,..,..,..,..,..,..,..,..,..,..,..,..,..,..,..,..,..,..,..,..,..
Researchers in R&D (per million people),SP.POP.SCIE.RD.P6,Africa Western and Central,AFW,..,..,..,..,..,..,..,..,..,..,..,..,..,..,..,..,..,..,..,..,..,..,..,..,..,..,..,..,..,..,..,..,..,..,..,..,..,..,..,..,..,..,..,..,..,..,..,..,..,..,..,..,..,..,..,..,..,..,..,..,..,..,..,..
Researchers in R&D (per million people),SP.POP.SCIE.RD.P6,Arab World,ARB,..,..,..,..,..,..,..,..,..,..,..,..,..,..,..,..,..,..,..,..,..,..,..,..,..,..,..,..,..,..,..,..,..,..,..,..,..,..,..,..,..,..,..,..,..,..,..,..,..,..,..,..,..,..,..,..,..,..,..,..,..,..,..,..
Researchers in R&D (per million people),SP.POP.SCIE.RD.P6,Caribbean small states,CSS,..,..,..,..,..,..,..,..,..,..,..,..,..,..,..,..,..,..,..,..,..,..,..,..,..,..,..,..,..,..,..,..,..,..,..,..,..,..,..,..,..,..,..,..,..,..,..,..,..,..,..,..,..,..,..,..,..,..,..,..,..,..,..,..
Researchers in R&D (per million people),SP.POP.SCIE.RD.P6,Central Europe and the Baltics,CEB,..,..,..,..,..,..,..,..,..,..,..,..,..,..,..,..,..,..,..,..,..,..,..,..,..,..,..,..,..,..,..,..,..,..,..,..,1406.500542,1395.19636,1402.908426,1378.046445,1370.474641,1380.909525,1402.001424,1415.216515,1484.522913,1604.133721,1610.838476,1674.814436,1740.526991,1756.525847,1826.915415,1841.123892,1913.159469,1988.022097,2094.501961,2133.757418,2226.720486,2546.734372,2728.510535,2826.273761,2941.178254,3133.131578,..,..
Researchers in R&D (per million people),SP.POP.SCIE.RD.P6,Early-demographic dividend,EAR,..,..,..,..,..,..,..,..,..,..,..,..,..,..,..,..,..,..,..,..,..,..,..,..,..,..,..,..,..,..,..,..,..,..,..,..,..,..,..,..,..,..,..,..,..,181.083524,..,..,..,..,..,..,..,..,..,314.4725692,..,..,331.9074869,..,386.6977304,..,..,..
Researchers in R&D (per million people),SP.POP.SCIE.RD.P6,East Asia & Pacific,EAS,..,..,..,..,..,..,..,..,..,..,..,..,..,..,..,..,..,..,..,..,..,..,..,..,..,..,..,..,..,..,..,..,..,..,..,..,899.6701984,884.6800925,872.8344922,861.2256806,936.8019617,913.1527123,981.3439934,1068.385842,1223.642395,1252.197236,1457.779536,1452.016892,1692.003767,1123.208594,1473.637161,1396.434676,1569.302065,1467.552663,1643.418514,1544.812009,1523.815562,1492.005129,1539.954048,1724.531019,1843.070578,2090.588443,..,..
Researchers in R&D (per million people),SP.POP.SCIE.RD.P6,East Asia & Pacific (excluding high income),EAP,..,..,..,..,..,..,..,..,..,..,..,..,..,..,..,..,..,..,..,..,..,..,..,..,..,..,..,..,..,..,..,..,..,..,..,..,426.2105049,443.5801197,373.9194203,399.0866276,498.7593217,503.8931169,545.2604452,617.995406,712.4554381,788.1414111,923.7675083,984.2234869,1188.799364,697.3034255,912.5965612,910.2650237,1047.042027,990.6426139,1115.605676,1069.493391,1069.49362,1036.039767,1095.109423,1261.811106,1376.093516,1576.427924,..,..
Researchers in R&D (per million people),SP.POP.SCIE.RD.P6,East Asia & Pacific (IDA & IBRD countries),TEA,..,..,..,..,..,..,..,..,..,..,..,..,..,..,..,..,..,..,..,..,..,..,..,..,..,..,..,..,..,..,..,..,..,..,..,..,426.2105049,443.5801197,373.9194203,399.0866276,498.7593217,503.8931169,545.2604452,617.995406,712.4554381,788.1414111,923.7675083,984.2234869,1188.799364,697.3034255,912.5965612,910.2650237,1047.042027,990.6426139,1115.605676,1069.493391,1069.49362,1036.039767,1095.109423,1261.811106,1376.093516,1576.427924,..,..
Researchers in R&D (per million people),SP.POP.SCIE.RD.P6,Euro area,EMU,..,..,..,..,..,..,..,..,..,..,..,..,..,..,..,..,..,..,..,..,..,..,..,..,..,..,..,..,..,..,..,..,..,..,..,..,2147.857123,2109.044252,2172.41087,2229.157901,2379.18195,2406.515596,2508.121966,2504.009481,2737.848754,2764.502422,2882.815423,2993.303709,3164.84432,3236.419919,3344.131414,3379.783978,3510.548775,3563.890614,3598.384985,3761.48696,3861.326469,4034.466639,4198.707067,4356.847328,4412.592024,4613.36734,..,..
Researchers in R&D (per million people),SP.POP.SCIE.RD.P6,Europe & Central Asia,ECS,..,..,..,..,..,..,..,..,..,..,..,..,..,..,..,..,..,..,..,..,..,..,..,..,..,..,..,..,..,..,..,..,..,..,..,..,2282.300217,2242.50231,2181.907739,2275.961089,2262.77186,2336.808333,2347.48948,2412.875811,2532.914714,2584.466645,2576.396248,2573.736158,2643.246292,2663.965971,2715.597379,2741.391026,2817.902555,2852.137571,2890.203186,3006.271319,3022.800025,3137.464068,3102.936881,3184.338472,3186.87609,3340.274193,..,..
Researchers in R&D (per million people),SP.POP.SCIE.RD.P6,Europe & Central Asia (excluding high income),ECA,..,..,..,..,..,..,..,..,..,..,..,..,..,..,..,..,..,..,..,..,..,..,..,..,..,..,..,..,..,..,..,..,..,..,..,..,..,..,..,..,..,..,..,..,..,..,860.4126239,861.8553528,879.3727043,890.1388202,917.2616151,945.0260989,984.9510661,1002.987069,988.0316877,1015.021592,1035.094069,1068.285762,1133.882496,1168.107407,1240.688907,1311.86009,..,..
Researchers in R&D (per million people),SP.POP.SCIE.RD.P6,Europe & Central Asia (IDA & IBRD countries),TEC,..,..,..,..,..,..,..,..,..,..,..,..,..,..,..,..,..,..,..,..,..,..,..,..,..,..,..,..,..,..,..,..,..,..,..,..,..,..,..,..,2044.210548,2034.111028,2004.726471,1978.140942,1962.942972,1947.682671,1874.126386,1835.752375,1804.102348,1790.482906,1806.429561,1820.576799,1828.439954,1831.94187,1849.34495,1880.332181,1858.062408,1884.995695,1911.705243,1905.454362,1928.196225,1970.568096,..,..
Researchers in R&D (per million people),SP.POP.SCIE.RD.P6,European Union,EUU,..,..,..,..,..,..,..,..,..,..,..,..,..,..,..,..,..,..,..,..,..,..,..,..,..,..,..,..,..,..,..,..,..,..,..,..,1974.36335,1998.682005,1984.112142,2095.454306,2126.360804,2242.625976,2276.950321,2352.239332,2543.877274,2617.118299,2706.809549,2783.276089,2944.281993,2996.455947,3096.77881,3132.551547,3254.38768,3348.066553,3408.320385,3550.9334,3659.280191,3863.86272,4030.851385,4177.869439,4244.569001,4451.716594,..,..
Researchers in R&D (per million people),SP.POP.SCIE.RD.P6,Fragile and conflict affected situations,FCS,..,..,..,..,..,..,..,..,..,..,..,..,..,..,..,..,..,..,..,..,..,..,..,..,..,..,..,..,..,..,..,..,..,..,..,..,..,..,..,..,..,..,..,..,..,..,..,..,..,..,..,..,..,..,..,..,..,..,..,..,..,..,..,..
Researchers in R&D (per million people),SP.POP.SCIE.RD.P6,Heavily indebted poor countries (HIPC),HPC,..,..,..,..,..,..,..,..,..,..,..,..,..,..,..,..,..,..,..,..,..,..,..,..,..,..,..,..,..,..,..,..,..,..,..,..,..,..,..,..,..,..,..,..,..,..,..,..,..,..,..,..,..,..,..,..,..,..,..,..,..,..,..,..
Researchers in R&D (per million people),SP.POP.SCIE.RD.P6,High income,HIC,..,..,..,..,..,..,..,..,..,..,..,..,..,..,..,..,..,..,..,..,..,..,..,..,..,..,..,..,..,..,..,..,..,..,..,..,2941.523699,2932.891223,2964.105223,3019.413465,3078.513902,3155.621129,3168.742612,3295.683644,3356.233241,3401.777095,3489.562281,3477.083205,3553.063274,3584.127437,3609.169253,3634.978663,3680.26856,3755.636813,3843.098038,3894.72816,3913.16403,4051.240195,4168.380318,4283.769331,4258.90236,..,..,..
Researchers in R&D (per million people),SP.POP.SCIE.RD.P6,IBRD only,IBD,..,..,..,..,..,..,..,..,..,..,..,..,..,..,..,..,..,..,..,..,..,..,..,..,..,..,..,..,..,..,..,..,..,..,..,..,526.4961661,..,465.1071388,..,497.9261221,..,..,..,..,625.8542543,..,..,..,..,684.4276823,..,..,..,..,789.5298758,..,..,849.4562793,..,978.111956,..,..,..
Researchers in R&D (per million people),SP.POP.SCIE.RD.P6,IDA & IBRD total,IBT,..,..,..,..,..,..,..,..,..,..,..,..,..,..,..,..,..,..,..,..,..,..,..,..,..,..,..,..,..,..,..,..,..,..,..,..,..,..,..,..,..,..,..,..,..,577.7790251,..,..,..,..,629.1263188,..,..,..,..,722.896071,..,..,..,..,..,..,..,..
Researchers in R&D (per million people),SP.POP.SCIE.RD.P6,IDA blend,IDB,..,..,..,..,..,..,..,..,..,..,..,..,..,..,..,..,..,..,..,..,..,..,..,..,..,..,..,..,..,..,..,..,..,..,..,..,..,..,..,..,..,..,..,..,..,..,..,124.6548975,..,..,..,..,..,..,..,..,..,..,..,222.0562403,..,..,..,..
Researchers in R&D (per million people),SP.POP.SCIE.RD.P6,IDA only,IDX,..,..,..,..,..,..,..,..,..,..,..,..,..,..,..,..,..,..,..,..,..,..,..,..,..,..,..,..,..,..,..,..,..,..,..,..,..,..,..,..,..,..,..,..,..,..,..,..,..,..,..,..,..,..,..,..,..,..,..,..,..,..,..,..
Researchers in R&D (per million people),SP.POP.SCIE.RD.P6,IDA total,IDA,..,..,..,..,..,..,..,..,..,..,..,..,..,..,..,..,..,..,..,..,..,..,..,..,..,..,..,..,..,..,..,..,..,..,..,..,..,..,..,..,..,..,..,..,..,..,..,..,..,..,..,..,..,..,..,..,..,..,..,..,..,..,..,..
Researchers in R&D (per million people),SP.POP.SCIE.RD.P6,Late-demographic dividend,LTE,..,..,..,..,..,..,..,..,..,..,..,..,..,..,..,..,..,..,..,..,..,..,..,..,..,..,..,..,..,..,..,..,..,..,..,..,794.4648747,812.147624,732.6713787,741.8867789,799.9698584,823.5052845,835.9189528,882.1786475,925.8303346,1020.420563,1077.341918,1165.422129,1251.96228,1011.979552,1061.370368,1114.361117,1187.590244,1153.752125,1218.147474,1279.330638,1349.43318,1326.928852,1484.96907,1580.111964,1684.612952,1742.849521,..,..
Researchers in R&D (per million people),SP.POP.SCIE.RD.P6,Latin America & Caribbean,LCN,..,..,..,..,..,..,..,..,..,..,..,..,..,..,..,..,..,..,..,..,..,..,..,..,..,..,..,..,..,..,..,..,..,..,..,..,..,..,..,..,297.7012402,307.0835245,356.4259832,381.30379,..,459.2060835,457.8344805,470.5531215,485.7386604,508.1048551,538.2157709,570.8944363,578.6797457,556.9152012,577.9952773,..,..,..,..,..,..,..,..,..
Researchers in R&D (per million people),SP.POP.SCIE.RD.P6,Latin America & Caribbean (excluding high income),LAC,..,..,..,..,..,..,..,..,..,..,..,..,..,..,..,..,..,..,..,..,..,..,..,..,..,..,..,..,..,..,..,..,..,..,..,..,..,..,..,..,317.9522929,326.2988413,379.6827067,405.3701504,474.7846785,488.0963217,484.4917683,502.5763803,516.9483121,544.4818956,571.4524893,609.3519673,612.4254132,584.8640054,607.810529,..,..,..,..,..,..,..,..,..
Researchers in R&D (per million people),SP.POP.SCIE.RD.P6,Latin America & the Caribbean (IDA & IBRD countries),TLA,..,..,..,..,..,..,..,..,..,..,..,..,..,..,..,..,..,..,..,..,..,..,..,..,..,..,..,..,..,..,..,..,..,..,..,..,..,..,..,..,297.7012402,307.0835245,356.4259832,381.30379,444.6944284,459.2060835,457.8344805,470.5531215,485.7386604,508.1048551,538.2157709,570.8944363,578.6797457,559.0375036,577.9952773,..,..,..,..,..,..,..,..,..
Researchers in R&D (per million people),SP.POP.SCIE.RD.P6,Least developed countries: UN classification,LDC,..,..,..,..,..,..,..,..,..,..,..,..,..,..,..,..,..,..,..,..,..,..,..,..,..,..,..,..,..,..,..,..,..,..,..,..,..,..,..,..,..,..,..,..,..,..,..,..,..,..,..,..,..,..,..,..,..,..,..,..,..,..,..,..
Researchers in R&D (per million people),SP.POP.SCIE.RD.P6,Low & middle income,LMY,..,..,..,..,..,..,..,..,..,..,..,..,..,..,..,..,..,..,..,..,..,..,..,..,..,..,..,..,..,..,..,..,..,..,..,..,..,..,..,..,..,..,..,..,..,..,..,..,..,..,527.2865055,..,..,..,..,629.6621357,..,..,..,..,..,..,..,..
Researchers in R&D (per million people),SP.POP.SCIE.RD.P6,Low income,LIC,..,..,..,..,..,..,..,..,..,..,..,..,..,..,..,..,..,..,..,..,..,..,..,..,..,..,..,..,..,..,..,..,..,..,..,..,..,..,..,..,..,..,..,..,..,..,..,..,..,..,..,..,..,..,..,..,..,..,..,..,..,..,..,..
Researchers in R&D (per million people),SP.POP.SCIE.RD.P6,Lower middle income,LMC,..,..,..,..,..,..,..,..,..,..,..,..,..,..,..,..,..,..,..,..,..,..,..,..,..,..,..,..,..,..,..,..,..,..,..,..,..,..,..,..,..,..,..,..,..,..,..,..,..,..,..,..,..,..,..,268.8023607,..,..,..,..,..,..,..,..
Researchers in R&D (per million people),SP.POP.SCIE.RD.P6,Middle East & North Africa,MEA,..,..,..,..,..,..,..,..,..,..,..,..,..,..,..,..,..,..,..,..,..,..,..,..,..,..,..,..,..,..,..,..,..,..,..,..,..,..,..,..,..,..,..,..,..,..,..,..,..,..,..,..,..,..,..,..,..,..,..,..,..,..,..,..
Researchers in R&D (per million people),SP.POP.SCIE.RD.P6,Middle East & North Africa (excluding high income),MNA,..,..,..,..,..,..,..,..,..,..,..,..,..,..,..,..,..,..,..,..,..,..,..,..,..,..,..,..,..,..,..,..,..,..,..,..,..,..,..,..,..,..,..,..,..,..,..,..,581.8917044,..,617.5366246,..,..,..,..,602.1694992,..,872.3881876,..,..,..,..,..,..
Researchers in R&D (per million people),SP.POP.SCIE.RD.P6,Middle East & North Africa (IDA & IBRD countries),TMN,..,..,..,..,..,..,..,..,..,..,..,..,..,..,..,..,..,..,..,..,..,..,..,..,..,..,..,..,..,..,..,..,..,..,..,..,..,..,..,..,..,..,..,..,..,..,..,..,589.3915229,..,622.0152193,..,..,..,..,602.1694992,..,872.3881876,..,..,..,..,..,..
Researchers in R&D (per million people),SP.POP.SCIE.RD.P6,Middle income,MIC,..,..,..,..,..,..,..,..,..,..,..,..,..,..,..,..,..,..,..,..,..,..,..,..,..,..,..,..,..,..,..,..,..,..,..,..,..,..,..,..,..,..,..,..,..,470.2701139,..,..,..,..,556.9933192,..,..,..,..,652.3729622,..,..,736.4621108,..,874.1520942,..,..,..
Researchers in R&D (per million people),SP.POP.SCIE.RD.P6,North America,NAC,..,..,..,..,..,..,..,..,..,..,..,..,..,..,..,..,..,..,..,..,..,..,..,..,..,..,..,..,..,..,..,..,..,..,..,..,3144.659796,3243.164435,3396.23943,3456.066346,3484.386119,3535.294592,3577.306271,3778.597939,3671.600188,3618.308928,3660.345422,3641.909241,3769.597064,3855.910505,3662.898252,3780.094236,3752.874053,3829.936274,3912.61371,3945.665303,3890.554082,4009.955252,4312.529715,4369.044699,4516.040796,..,..,..
Researchers in R&D (per million people),SP.POP.SCIE.RD.P6,Not classified,INX,..,..,..,..,..,..,..,..,..,..,..,..,..,..,..,..,..,..,..,..,..,..,..,..,..,..,..,..,..,..,..,..,..,..,..,..,..,..,..,..,..,..,..,..,..,..,..,..,..,..,..,..,..,..,..,..,..,..,..,..,..,..,..,..
Researchers in R&D (per million people),SP.POP.SCIE.RD.P6,OECD members,OED,..,..,..,..,..,..,..,..,..,..,..,..,..,..,..,..,..,..,..,..,..,..,..,..,..,..,..,..,..,..,..,..,..,..,..,..,2485.599932,2511.354422,2594.813339,2658.465997,2706.021603,2775.424467,2808.122955,2926.004868,3000.835502,3050.561497,3147.336106,3130.504735,3220.891778,3253.123039,3266.712695,3308.839933,3357.154355,3307.191704,3385.351679,3460.951587,3471.853648,3621.094426,3880.81708,4010.692588,4076.549258,..,..,..
Researchers in R&D (per million people),SP.POP.SCIE.RD.P6,Other small states,OSS,..,..,..,..,..,..,..,..,..,..,..,..,..,..,..,..,..,..,..,..,..,..,..,..,..,..,..,..,..,..,..,..,..,..,..,..,..,..,..,..,..,..,..,..,..,..,..,..,..,..,..,..,..,..,..,..,..,..,..,..,..,..,..,..
Researchers in R&D (per million people),SP.POP.SCIE.RD.P6,Pacific island small states,PSS,..,..,..,..,..,..,..,..,..,..,..,..,..,..,..,..,..,..,..,..,..,..,..,..,..,..,..,..,..,..,..,..,..,..,..,..,..,..,..,..,..,..,..,..,..,..,..,..,..,..,..,..,..,..,..,..,..,..,..,..,..,..,..,..
Researchers in R&D (per million people),SP.POP.SCIE.RD.P6,Post-demographic dividend,PST,..,..,..,..,..,..,..,..,..,..,..,..,..,..,..,..,..,..,..,..,..,..,..,..,..,..,..,..,..,..,..,..,..,..,..,..,2934.303246,2959.198295,3045.573599,3123.30321,3188.429233,3271.102989,3309.516033,3439.430829,3512.872034,3575.859641,3579.079253,3608.072366,3732.581068,3781.23755,3790.32036,3838.42029,3878.79007,3961.972307,4053.943027,4137.47789,4158.204738,4305.093155,4496.263675,4622.42028,4682.161221,..,..,..
Researchers in R&D (per million people),SP.POP.SCIE.RD.P6,Pre-demographic dividend,PRE,..,..,..,..,..,..,..,..,..,..,..,..,..,..,..,..,..,..,..,..,..,..,..,..,..,..,..,..,..,..,..,..,..,..,..,..,..,..,..,..,..,..,..,..,..,..,..,..,..,..,..,..,..,..,..,..,..,..,..,..,..,..,..,..
Researchers in R&D (per million people),SP.POP.SCIE.RD.P6,Small states,SST,..,..,..,..,..,..,..,..,..,..,..,..,..,..,..,..,..,..,..,..,..,..,..,..,..,..,..,..,..,..,..,..,..,..,..,..,..,..,..,..,..,..,..,..,..,..,..,..,..,..,..,..,..,..,..,..,..,..,..,..,..,..,..,..
Researchers in R&D (per million people),SP.POP.SCIE.RD.P6,South Asia,SAS,..,..,..,..,..,..,..,..,..,..,..,..,..,..,..,..,..,..,..,..,..,..,..,..,..,..,..,..,..,..,..,..,..,..,..,..,153.9856446,..,116.1480713,..,110.8627618,..,..,..,..,127.0182754,..,..,..,..,155.6311789,..,..,..,..,220.6446784,..,..,248.7333601,..,257.9855196,..,..,..
Researchers in R&D (per million people),SP.POP.SCIE.RD.P6,South Asia (IDA & IBRD),TSA,..,..,..,..,..,..,..,..,..,..,..,..,..,..,..,..,..,..,..,..,..,..,..,..,..,..,..,..,..,..,..,..,..,..,..,..,153.9856446,..,116.1480713,..,110.8627618,..,..,..,..,127.0182754,..,..,..,..,155.6311789,..,..,..,..,220.6446784,..,..,248.7333601,..,257.9855196,..,..,..
Researchers in R&D (per million people),SP.POP.SCIE.RD.P6,Sub-Saharan Africa,SSF,..,..,..,..,..,..,..,..,..,..,..,..,..,..,..,..,..,..,..,..,..,..,..,..,..,..,..,..,..,..,..,..,..,..,..,..,..,..,..,..,..,..,..,..,..,..,..,..,..,..,..,..,..,..,..,..,..,..,..,..,..,..,..,..
Researchers in R&D (per million people),SP.POP.SCIE.RD.P6,Sub-Saharan Africa (excluding high income),SSA,..,..,..,..,..,..,..,..,..,..,..,..,..,..,..,..,..,..,..,..,..,..,..,..,..,..,..,..,..,..,..,..,..,..,..,..,..,..,..,..,..,..,..,..,..,..,..,..,..,..,..,..,..,..,..,..,..,..,..,..,..,..,..,..
Researchers in R&D (per million people),SP.POP.SCIE.RD.P6,Sub-Saharan Africa (IDA & IBRD countries),TSS,..,..,..,..,..,..,..,..,..,..,..,..,..,..,..,..,..,..,..,..,..,..,..,..,..,..,..,..,..,..,..,..,..,..,..,..,..,..,..,..,..,..,..,..,..,..,..,..,..,..,..,..,..,..,..,..,..,..,..,..,..,..,..,..
Researchers in R&D (per million people),SP.POP.SCIE.RD.P6,Upper middle income,UMC,..,..,..,..,..,..,..,..,..,..,..,..,..,..,..,..,..,..,..,..,..,..,..,..,..,..,..,..,..,..,..,..,..,..,..,..,..,433.3808235,..,..,465.5045728,476.8255826,570.5988812,588.7457401,648.6389323,732.9323786,820.3732113,907.8191919,996.872753,704.7718213,828.4286154,879.1022999,933.8129925,939.5106813,971.6207399,1021.478589,975.2494744,996.3916297,1087.931881,1219.822035,1282.652859,1503.558088,..,..
Researchers in R&D (per million people),SP.POP.SCIE.RD.P6,World,WLD,..,..,..,..,..,..,..,..,..,..,..,..,..,..,..,..,..,..,..,..,..,..,..,..,..,..,..,..,..,..,..,..,..,..,..,..,..,..,..,..,1077.826062,..,..,..,..,1192.69857,..,..,..,..,1263.750256,..,..,..,..,1379.972801,..,..,1521.069116,..,..,..,..,..
